Date,Home_Team,Away_Team,Period,Clock,Home_Team_Skaters,Away_Team_Skaters,Home_Team_Goals,Away_Team_Goals,Team,Player_Id,Event,X_Coordinate,Y_Coordinate,Detail_1,Detail_2,Detail_3,Detail_4,Player_Id_2,X_Coordinate_2,Y_Coordinate_2
10/13/2024,Team A,Team B,1,12:41,5,5,0,0,Team B,14,Penalty Taken,-52,-38.5,Holding,,,,28.0,,
10/13/2024,Team A,Team B,1,12:41,5,4,0,0,Team A,12,Faceoff Win,-69,-21.5,Backhand,,,,18.0,,
10/13/2024,Team A,Team B,1,12:40,5,4,0,0,Team A,20,Puck Recovery,-45,-25.5,,,,,,,
10/13/2024,Team A,Team B,1,12:40,5,4,0,0,Team A,20,Play,-45,-25.5,Direct,,,,3.0,-40.0,-15.5
10/13/2024,Team A,Team B,1,12:39,5,4,0,0,Team A,3,Play,-40,-15.5,Direct,,,,25.0,-32.0,12.5
10/13/2024,Team A,Team B,1,12:38,5,4,0,0,Team A,25,Play,-32,12.5,Direct,,,,3.0,-35.0,-3.5
10/13/2024,Team A,Team B,1,12:37,5,4,0,0,Team A,3,Play,-38,3.5,Direct,,,,25.0,-48.0,29.5
10/13/2024,Team A,Team B,1,12:37,5,4,0,0,Team A,25,Play,-48,29.5,Direct,,,,12.0,-51.0,-28.5
10/13/2024,Team A,Team B,1,12:35,5,4,0,0,Team A,12,Shot,-62,-17.5,Slapshot,Blocked,1.0,f,,,
10/13/2024,Team A,Team B,1,12:33,5,4,0,0,Team B,18,Faceoff Win,-69,-21.5,Backhand,,,,12.0,,
10/13/2024,Team A,Team B,1,12:28,5,4,0,0,Team A,3,Puck Recovery,-54,-28.5,,,,,,,
10/13/2024,Team A,Team B,1,12:26,5,4,0,0,Team A,3,Puck Recovery,-22,-38.5,,,,,,,
10/13/2024,Team A,Team B,1,12:25,5,4,0,0,Team A,3,Incomplete Play,-19,-37.5,Direct,,,,25.0,30.0,22.5
10/13/2024,Team A,Team B,1,12:22,5,4,0,0,Team A,25,Puck Recovery,40,38.5,,,,,,,
10/13/2024,Team A,Team B,1,12:20,5,4,0,0,Team A,25,Play,92,22.5,Indirect,,,,3.0,93.0,-21.5
10/13/2024,Team A,Team B,1,12:19,5,4,0,0,Team A,3,Play,93,-21.5,Indirect,,,,25.0,95.0,22.5
10/13/2024,Team A,Team B,1,12:18,5,4,0,0,Team A,25,Play,95,22.5,Indirect,,,,3.0,96.0,0.5
10/13/2024,Team A,Team B,1,12:12,5,4,0,0,Team A,3,Play,20,-14.5,Direct,,,,12.0,52.0,-12.5
10/13/2024,Team A,Team B,1,12:07,5,4,0,0,Team A,12,Play,-19,-13.5,Direct,,,,24.0,-33.0,-39.5
10/13/2024,Team A,Team B,1,12:07,5,4,0,0,Team A,12,Zone Entry,-26,-39.5,Played,,,,3.0,,
10/13/2024,Team A,Team B,1,12:06,5,4,0,0,Team A,24,Incomplete Play,-41,-37.5,Direct,,,,12.0,-53.0,-22.5
10/13/2024,Team A,Team B,1,12:05,5,4,0,0,Team B,3,Puck Recovery,-56,-38.5,,,,,,,
10/13/2024,Team A,Team B,1,12:05,5,4,0,0,Team B,3,Incomplete Play,-57,-38.5,Indirect,,,,18.0,-41.0,-38.5
10/13/2024,Team A,Team B,1,12:04,5,4,0,0,Team A,3,Puck Recovery,-31,-39.5,,,,,,,
10/13/2024,Team A,Team B,1,12:04,5,4,0,0,Team A,3,Play,-31,-39.5,Direct,,,,20.0,-32.0,5.5
10/13/2024,Team A,Team B,1,12:01,5,4,0,0,Team B,10,Puck Recovery,-35,-4.5,,,,,,,
10/13/2024,Team A,Team B,1,11:59,5,4,0,0,Team B,10,Dump In/Out,-12,-26.5,Lost,,,,,,
10/13/2024,Team A,Team B,1,11:55,5,4,0,0,Team A,3,Puck Recovery,80,-33.5,,,,,,,
10/13/2024,Team A,Team B,1,11:51,5,4,0,0,Team A,3,Play,34,16.5,Direct,,,,25.0,52.0,36.5
10/13/2024,Team A,Team B,1,11:47,5,4,0,0,Team A,25,Play,33,14.5,Direct,,,,12.0,10.0,-12.5
10/13/2024,Team A,Team B,1,11:45,5,4,0,0,Team A,24,Puck Recovery,-18,-37.5,,,,,,,
10/13/2024,Team A,Team B,1,11:45,5,4,0,0,Team A,24,Dump In/Out,-22,-38.5,Lost,,,,,,
10/13/2024,Team A,Team B,1,11:45,5,4,0,0,Team A,24,Zone Entry,-22,-38.5,Dumped,,,,3.0,,
10/13/2024,Team A,Team B,1,11:41,5,4,0,0,Team B,9,Puck Recovery,-96,-22.5,,,,,,,
10/13/2024,Team A,Team B,1,11:41,5,4,0,0,Team B,9,Dump In/Out,-96,-13.5,Lost,,,,,,
10/13/2024,Team A,Team B,1,11:40,5,4,0,0,Team A,20,Puck Recovery,-50,39.5,,,,,,,
10/13/2024,Team A,Team B,1,11:39,5,4,0,0,Team A,20,Play,-54,38.5,Direct,,,,24.0,-52.0,10.5
10/13/2024,Team A,Team B,1,11:38,5,4,0,0,Team A,24,Play,-44,25.5,Direct,,,,25.0,-83.0,36.5
10/13/2024,Team A,Team B,1,11:36,5,4,0,0,Team A,25,Play,-75,39.5,Direct,,,,3.0,-31.0,17.5
10/13/2024,Team A,Team B,1,11:35,5,4,0,0,Team A,3,Play,-31,17.5,Direct,,,,25.0,-53.0,35.5
10/13/2024,Team A,Team B,1,11:34,5,4,0,0,Team A,25,Play,-53,35.5,Direct,,,,12.0,-36.0,-27.5
10/13/2024,Team A,Team B,1,11:31,5,4,0,0,Team A,12,Puck Recovery,-16,-37.5,,,,,,,
10/13/2024,Team A,Team B,1,11:24,5,4,0,0,Team A,12,Puck Recovery,14,-38.5,,,,,,,
10/13/2024,Team A,Team B,1,11:23,5,4,0,0,Team A,12,Play,14,-31.5,Direct,,,,20.0,20.0,-3.5
10/13/2024,Team A,Team B,1,11:20,5,4,0,0,Team A,20,Play,33,21.5,Direct,,,,3.0,50.0,6.5
10/13/2024,Team A,Team B,1,11:11,5,4,0,0,Team A,3,Play,86,7.5,Direct,,,,28.0,57.0,14.5
10/13/2024,Team A,Team B,1,11:07,5,4,0,0,Team A,28,Zone Entry,-26,12.5,Carried,,,,8.0,,
10/13/2024,Team A,Team B,1,11:07,5,4,0,0,Team A,28,Incomplete Play,-29,14.5,Direct,,,,14.0,-39.0,38.5
10/13/2024,Team A,Team B,1,11:05,5,4,0,0,Team B,19,Puck Recovery,-40,39.5,,,,,,,
10/13/2024,Team A,Team B,1,11:05,5,4,0,0,Team B,19,Dump In/Out,-38,38.5,Lost,,,,,,
10/13/2024,Team A,Team B,1,11:01,5,4,0,0,Team B,15,Faceoff Win,-20,22.5,Forehand,,,,14.0,,
10/13/2024,Team A,Team B,1,10:58,5,4,0,0,Team B,27,Puck Recovery,-73,33.5,,,,,,,
10/13/2024,Team A,Team B,1,10:58,5,4,0,0,Team B,27,Dump In/Out,-75,29.5,Lost,,,,,,
10/13/2024,Team A,Team B,1,10:53,5,4,0,0,Team A,Go,Puck Recovery,97,1.5,,,,,,,
10/13/2024,Team A,Team B,1,10:53,5,4,0,0,Team A,Go,Play,97,1.5,Indirect,,,,2.0,97.0,1.5
10/13/2024,Team A,Team B,1,10:47,5,4,0,0,Team A,2,Play,9,22.5,Direct,,,,28.0,40.0,15.5
10/13/2024,Team A,Team B,1,10:45,5,4,0,0,Team A,28,Play,14,8.5,Direct,,,,29.0,-9.0,-11.5
10/13/2024,Team A,Team B,1,10:44,5,4,0,0,Team A,29,Play,-13,-17.5,Direct,,,,8.0,-31.0,-38.5
10/13/2024,Team A,Team B,1,10:44,5,4,0,0,Team A,29,Zone Entry,-26,-37.5,Played,,,,27.0,,
10/13/2024,Team A,Team B,1,10:41,5,4,0,0,Team B,28,Takeaway,-49,-37.5,,,,,,,
10/13/2024,Team A,Team B,1,10:24,5,5,0,0,Team A,8,Penalty Taken,-41,20.5,Slashing,,,,20.0,,
10/13/2024,Team A,Team B,1,10:24,4,5,0,0,Team A,14,Faceoff Win,69,22.5,Backhand,,,,9.0,,
10/13/2024,Team A,Team B,1,10:20,4,5,0,0,Team A,38,Puck Recovery,54,36.5,,,,,,,
10/13/2024,Team A,Team B,1,10:20,4,5,0,0,Team A,38,Dump In/Out,54,36.5,Lost,,,,,,
10/13/2024,Team A,Team B,1,10:18,4,5,0,0,Team B,2,Puck Recovery,29,32.5,,,,,,,
10/13/2024,Team A,Team B,1,10:18,4,5,0,0,Team B,2,Incomplete Play,29,32.5,Direct,,,,25.0,58.0,0.5
10/13/2024,Team A,Team B,1,10:16,4,5,0,0,Team A,3,Puck Recovery,39,4.5,,,,,,,
10/13/2024,Team A,Team B,1,10:16,4,5,0,0,Team A,3,Incomplete Play,30,5.5,Direct,,,,14.0,-6.0,-22.5
10/13/2024,Team A,Team B,1,10:14,4,5,0,0,Team A,14,Puck Recovery,-20,-38.5,,,,,,,
10/13/2024,Team A,Team B,1,10:14,4,5,0,0,Team A,14,Dump In/Out,-20,-38.5,Lost,,,,,,
10/13/2024,Team A,Team B,1,10:11,4,5,0,0,Team B,2,Puck Recovery,-95,-20.5,,,,,,,
10/13/2024,Team A,Team B,1,10:06,4,5,0,0,Team B,2,Play,-35,-12.5,Direct,,,,23.0,-47.0,-13.5
10/13/2024,Team A,Team B,1,10:02,4,5,0,0,Team B,23,Zone Entry,25,-23.5,Carried,,,,3.0,,
10/13/2024,Team A,Team B,1,10:02,4,5,0,0,Team B,23,Play,32,-22.5,Direct,,,,9.0,36.0,-38.5
10/13/2024,Team A,Team B,1,9:59,4,5,0,0,Team B,9,Play,78,-37.5,Direct,,,,25.0,43.0,-37.5
10/13/2024,Team A,Team B,1,9:57,4,5,0,0,Team B,25,Play,37,-38.5,Direct,,,,2.0,31.0,7.5
10/13/2024,Team A,Team B,1,9:56,4,5,0,0,Team B,2,Play,27,7.5,Direct,,,,23.0,46.0,-38.5
10/13/2024,Team A,Team B,1,9:53,4,5,0,0,Team B,23,Play,45,-28.5,Direct,,,,2.0,26.0,-11.5
10/13/2024,Team A,Team B,1,9:52,4,5,0,0,Team B,2,Play,28,-12.5,Direct,,,,23.0,52.0,-29.5
10/13/2024,Team A,Team B,1,9:50,4,5,0,0,Team B,23,Incomplete Play,62,-25.5,Direct,,,,25.0,87.0,-9.5
10/13/2024,Team A,Team B,1,9:44,4,5,0,0,Team A,3,Puck Recovery,77,-37.5,,,,,,,
10/13/2024,Team A,Team B,1,9:44,4,5,0,0,Team A,3,Play,77,-37.5,Indirect,,,,21.0,56.0,-38.5
10/13/2024,Team A,Team B,1,9:43,4,5,0,0,Team A,21,Play,56,-38.5,Direct,,,,14.0,34.0,-22.5
10/13/2024,Team A,Team B,1,9:41,4,5,0,0,Team A,14,Play,34,-22.5,Direct,,,,21.0,17.0,-38.5
10/13/2024,Team A,Team B,1,9:40,4,5,0,0,Team A,21,Dump In/Out,-15,-39.5,Lost,,,,,,
10/13/2024,Team A,Team B,1,9:35,4,5,0,0,Team B,2,Puck Recovery,-96,-5.5,,,,,,,
10/13/2024,Team A,Team B,1,9:28,4,5,0,0,Team B,2,Play,-27,11.5,Direct,,,,29.0,-53.0,9.5
10/13/2024,Team A,Team B,1,9:24,4,5,0,0,Team B,29,Play,20,31.5,Direct,,,,28.0,28.0,38.5
10/13/2024,Team A,Team B,1,9:23,4,5,0,0,Team B,29,Zone Entry,25,39.5,Played,,,,7.0,,
10/13/2024,Team A,Team B,1,9:23,4,5,0,0,Team B,28,Play,28,38.5,Indirect,,,,19.0,96.0,5.5
10/13/2024,Team A,Team B,1,9:19,4,5,0,0,Team B,19,Puck Recovery,94,19.5,,,,,,,
10/13/2024,Team A,Team B,1,9:17,4,5,0,0,Team B,19,Play,85,33.5,Indirect,,,,8.0,30.0,35.5
10/13/2024,Team A,Team B,1,9:15,4,5,0,0,Team B,8,Play,33,18.5,Direct,,,,15.0,37.0,-23.5
10/13/2024,Team A,Team B,1,9:14,4,5,0,0,Team B,15,Play,43,-30.5,Direct,,,,19.0,56.0,-36.5
10/13/2024,Team A,Team B,1,9:06,4,5,0,0,Team B,19,Play,75,-24.5,Direct,,,,28.0,87.0,-11.5
10/13/2024,Team A,Team B,1,9:06,4,5,0,0,Team B,28,Incomplete Play,87,-11.5,Direct,,,,15.0,80.0,-3.5
10/13/2024,Team A,Team B,1,9:04,4,5,0,0,Team B,19,Puck Recovery,75,-5.5,,,,,,,
10/13/2024,Team A,Team B,1,9:04,4,5,0,0,Team B,19,Shot,77,-1.5,Snapshot,On Net,1.0,f,,,
10/13/2024,Team A,Team B,1,9:03,4,5,0,0,Team B,15,Faceoff Win,69,22.5,Backhand,,,,14.0,,
10/13/2024,Team A,Team B,1,9:02,4,5,0,0,Team B,29,Puck Recovery,61,15.5,,,,,,,
10/13/2024,Team A,Team B,1,9:02,4,5,0,0,Team B,29,Play,61,15.5,Indirect,,,,8.0,30.0,39.5
10/13/2024,Team A,Team B,1,8:56,4,5,0,0,Team B,8,Play,73,39.5,Direct,,,,28.0,87.0,15.5
10/13/2024,Team A,Team B,1,8:54,4,5,0,0,Team B,28,Play,95,-4.5,Direct,,,,19.0,59.0,-35.5
10/13/2024,Team A,Team B,1,8:51,4,5,0,0,Team B,19,Play,68,-26.5,Direct,,,,28.0,87.0,-11.5
10/13/2024,Team A,Team B,1,8:48,4,5,0,0,Team B,8,Puck Recovery,83,34.5,,,,,,,
10/13/2024,Team A,Team B,1,8:47,4,5,0,0,Team B,8,Play,80,36.5,Indirect,,,,29.0,30.0,34.5
10/13/2024,Team A,Team B,1,8:44,4,5,0,0,Team B,29,Play,35,17.5,Direct,,,,19.0,60.0,-25.5
10/13/2024,Team A,Team B,1,8:42,4,5,0,0,Team B,19,Incomplete Play,61,-26.5,Direct,,,,8.0,85.0,12.5
10/13/2024,Team A,Team B,1,8:39,4,5,0,0,Team A,21,Puck Recovery,44,38.5,,,,,,,
10/13/2024,Team A,Team B,1,8:39,4,5,0,0,Team A,21,Dump In/Out,44,39.5,Lost,,,,,,
10/13/2024,Team A,Team B,1,8:37,4,5,0,0,Team B,29,Puck Recovery,3,36.5,,,,,,,
10/13/2024,Team A,Team B,1,8:34,4,5,0,0,Team B,29,Zone Entry,24,17.5,Carried,,,,7.0,,
10/13/2024,Team A,Team B,1,8:34,4,5,0,0,Team B,29,Play,29,15.5,Direct,,,,15.0,34.0,-10.5
10/13/2024,Team A,Team B,1,8:32,4,5,0,0,Team B,28,Puck Recovery,52,-37.5,,,,,,,
10/13/2024,Team A,Team B,1,8:30,4,5,0,0,Team B,19,Puck Recovery,44,-37.5,,,,,,,
10/13/2024,Team A,Team B,1,8:26,4,5,0,0,Team B,19,Shot,46,-2.5,Snapshot,Blocked,1.0,f,,,
10/13/2024,Team A,Team B,1,8:26,4,5,0,0,Team A,12,Faceoff Win,69,-21.5,Backhand,,,,18.0,,
10/13/2024,Team A,Team B,1,8:24,4,5,0,0,Team A,38,Puck Recovery,78,-20.5,,,,,,,
10/13/2024,Team A,Team B,2,18:33,5,5,0,0,Team A,24,Penalty Taken,95,11.5,Holding,,,,40.0,,
10/13/2024,Team A,Team B,2,18:33,4,5,0,0,Team A,14,Faceoff Win,-69,-21.5,Backhand,,,,9.0,,
10/13/2024,Team A,Team B,2,18:29,4,5,0,0,Team A,3,Puck Recovery,-97,-21.5,,,,,,,
10/13/2024,Team A,Team B,2,18:29,4,5,0,0,Team A,3,Dump In/Out,-97,-21.5,Lost,,,,,,
10/13/2024,Team A,Team B,2,18:27,4,5,0,0,Team B,23,Puck Recovery,-36,40.5,,,,,,,
10/13/2024,Team A,Team B,2,18:26,4,5,0,0,Team B,23,Play,-36,40.5,Direct,,,,9.0,-57.0,20.5
10/13/2024,Team A,Team B,2,18:24,4,5,0,0,Team B,9,Play,-53,19.5,Direct,,,,8.0,-27.0,2.5
10/13/2024,Team A,Team B,2,18:21,4,5,0,0,Team B,8,Play,-32,-19.5,Indirect,,,,23.0,-31.0,39.5
10/13/2024,Team A,Team B,2,18:15,4,5,0,0,Team B,23,Play,-69,38.5,Indirect,,,,25.0,-96.0,14.5
10/13/2024,Team A,Team B,2,18:14,4,5,0,0,Team B,25,Play,-96,14.5,Indirect,,,,20.0,-89.0,-31.5
10/13/2024,Team A,Team B,2,18:11,4,5,0,0,Team B,20,Play,-71,-38.5,Direct,,,,8.0,-28.0,-16.5
10/13/2024,Team A,Team B,2,18:10,4,5,0,0,Team B,8,Play,-28,-16.5,Indirect,,,,20.0,-62.0,-36.5
10/13/2024,Team A,Team B,2,18:08,4,5,0,0,Team B,20,Play,-61,-22.5,Direct,,,,23.0,-84.0,20.5
10/13/2024,Team A,Team B,2,18:01,4,5,0,0,Team B,23,Incomplete Play,-82,33.5,Direct,,,,25.0,-90.0,10.5
10/13/2024,Team A,Team B,2,18:01,4,5,0,0,Team A,3,Takeaway,-89,23.5,,,,,,,
10/13/2024,Team A,Team B,2,18:00,4,5,0,0,Team A,3,Dump In/Out,-95,24.5,Retained,,,,,,
10/13/2024,Team A,Team B,2,17:59,4,5,0,0,Team A,3,Puck Recovery,-96,16.5,,,,,,,
10/13/2024,Team A,Team B,2,17:59,4,5,0,0,Team A,3,Play,-96,16.5,Indirect,,,,21.0,-66.0,38.5
10/13/2024,Team A,Team B,2,17:57,4,5,0,0,Team A,21,Play,-72,36.5,Direct,,,,14.0,-56.0,16.5
10/13/2024,Team A,Team B,2,17:56,4,5,0,0,Team A,14,Dump In/Out,-33,24.5,Lost,,,,,,
10/13/2024,Team A,Team B,2,17:52,4,5,0,0,Team B,Go,Puck Recovery,98,1.5,,,,,,,
10/13/2024,Team A,Team B,2,17:51,4,5,0,0,Team B,Go,Play,98,1.5,Indirect,,,,8.0,98.0,1.5
10/13/2024,Team A,Team B,2,17:48,4,5,0,0,Team B,8,Play,35,-21.5,Indirect,,,,20.0,35.0,-21.5
10/13/2024,Team A,Team B,2,17:43,4,5,0,0,Team B,20,Play,-25,-28.5,Indirect,,,,25.0,-31.0,-39.5
10/13/2024,Team A,Team B,2,17:42,4,5,0,0,Team B,20,Zone Entry,-25,-28.5,Played,,,,27.0,,
10/13/2024,Team A,Team B,2,17:41,4,5,0,0,Team B,25,Play,-31,-39.5,Direct,,,,9.0,-33.0,36.5
10/13/2024,Team A,Team B,2,17:38,4,5,0,0,Team B,9,Play,-40,36.5,Direct,,,,23.0,-69.0,37.5
10/13/2024,Team A,Team B,2,17:37,4,5,0,0,Team B,23,Play,-52,32.5,Direct,,,,8.0,-31.0,-6.5
10/13/2024,Team A,Team B,2,17:35,4,5,0,0,Team B,8,Play,-31,-6.5,Direct,,,,20.0,-61.0,-35.5
10/13/2024,Team A,Team B,2,17:33,4,5,0,0,Team B,20,Play,-46,-32.5,Direct,,,,9.0,-53.0,-18.5
10/13/2024,Team A,Team B,2,17:32,4,5,0,0,Team B,9,Play,-48,-16.5,Direct,,,,8.0,-31.0,15.5
10/13/2024,Team A,Team B,2,17:29,4,5,0,0,Team B,8,Shot,-29,-13.5,Wristshot,Missed,1.0,f,,,
10/13/2024,Team A,Team B,2,17:28,4,5,0,0,Team B,25,Shot,-82,-2.5,Deflection,Missed,0.0,f,,,
10/13/2024,Team A,Team B,2,17:26,4,5,0,0,Team A,7,Puck Recovery,-90,-27.5,,,,,,,
10/13/2024,Team A,Team B,2,17:26,4,5,0,0,Team A,7,Incomplete Play,-90,-27.5,Indirect,,,,8.0,-70.0,-36.5
10/13/2024,Team A,Team B,2,17:25,4,5,0,0,Team B,20,Takeaway,-80,-37.5,,,,,,,
10/13/2024,Team A,Team B,2,17:25,4,5,0,0,Team B,20,Play,-80,-37.5,Indirect,,,,8.0,-31.0,-38.5
10/13/2024,Team A,Team B,2,17:21,4,5,0,0,Team B,8,Play,-29,-24.5,Direct,,,,23.0,-38.0,36.5
10/13/2024,Team A,Team B,2,17:19,4,5,0,0,Team B,23,Incomplete Play,-61,30.5,Direct,,,,25.0,-91.0,16.5
10/13/2024,Team A,Team B,2,17:16,4,5,0,0,Team B,23,Puck Recovery,-91,31.5,,,,,,,
10/13/2024,Team A,Team B,2,17:16,4,5,0,0,Team B,23,Play,-91,31.5,Indirect,,,,25.0,-96.0,24.5
10/13/2024,Team A,Team B,2,17:13,4,5,0,0,Team A,7,Puck Recovery,-96,13.5,,,,,,,
10/13/2024,Team A,Team B,2,17:11,4,5,0,0,Team A,7,Play,-97,-11.5,Direct,,,,8.0,-71.0,-17.5
10/13/2024,Team A,Team B,2,17:07,4,5,0,0,Team A,15,Puck Recovery,-38,6.5,,,,,,,
10/13/2024,Team A,Team B,2,17:06,4,5,0,0,Team A,15,Incomplete Play,-8,16.5,Direct,,,,8.0,8.0,4.5
10/13/2024,Team A,Team B,2,16:59,4,5,0,0,Team B,2,Puck Recovery,85,-34.5,,,,,,,
10/13/2024,Team A,Team B,2,16:59,4,5,0,0,Team B,2,Play,85,-34.5,Indirect,,,,20.0,69.0,-38.5
10/13/2024,Team A,Team B,2,16:58,4,5,0,0,Team B,20,Play,76,-36.5,Direct,,,,23.0,67.0,-7.5
10/13/2024,Team A,Team B,2,16:53,4,5,0,0,Team B,23,Zone Entry,-25,-36.5,Carried,,,,7.0,,
10/13/2024,Team A,Team B,2,16:53,4,5,0,0,Team B,23,Play,-28,-33.5,Indirect,,,,15.0,-61.0,32.5
10/13/2024,Team A,Team B,2,16:49,4,5,0,0,Team B,15,Play,-57,37.5,Direct,,,,28.0,-53.0,21.5
10/13/2024,Team A,Team B,2,16:48,4,5,0,0,Team B,28,Shot,-72,18.5,Wristshot,Blocked,1.0,f,,,
10/13/2024,Team A,Team B,2,16:47,4,5,0,0,Team B,15,Puck Recovery,-71,17.5,,,,,,,
10/13/2024,Team A,Team B,2,16:46,4,5,0,0,Team B,15,Shot,-74,7.5,Wristshot,On Net,1.0,f,,,
10/13/2024,Team A,Team B,2,16:44,4,5,0,0,Team B,15,Faceoff Win,-69,22.5,Backhand,,,,15.0,,
10/13/2024,Team A,Team B,2,16:42,4,5,0,0,Team B,19,Puck Recovery,-61,36.5,,,,,,,
10/13/2024,Team A,Team B,2,16:42,4,5,0,0,Team B,19,Play,-61,36.5,Indirect,,,,3.0,-26.0,36.5
10/13/2024,Team A,Team B,2,16:42,4,5,0,0,Team B,3,Play,-26,36.5,Direct,,,,4.0,-39.0,-26.5
10/13/2024,Team A,Team B,2,16:40,4,5,0,0,Team B,4,Shot,-55,-34.5,Wristshot,Blocked,1.0,f,,,
10/13/2024,Team A,Team B,2,16:38,4,5,0,0,Team B,19,Puck Recovery,-64,39.5,,,,,,,
10/13/2024,Team A,Team B,2,16:34,4,5,0,0,Team B,19,Play,-62,34.5,Direct,,,,28.0,-86.0,12.5
10/13/2024,Team A,Team B,2,16:33,4,5,0,0,Team B,28,Goal,-86,3.5,Snapshot,On Net,0.0,f,,,
10/13/2024,Team A,Team B,2,7:42,5,5,0,1,Team B,27,Penalty Taken,60,34.5,Holding,,,,29.0,,
10/13/2024,Team A,Team B,2,7:42,5,4,0,1,Team B,18,Faceoff Win,69,22.5,Backhand,,,,12.0,,
10/13/2024,Team A,Team B,2,7:41,5,4,0,1,Team B,3,Puck Recovery,87,31.5,,,,,,,
10/13/2024,Team A,Team B,2,7:41,5,4,0,1,Team B,3,Play,87,31.5,Indirect,,,,10.0,95.0,-19.5
10/13/2024,Team A,Team B,2,7:38,5,4,0,1,Team B,10,Dump In/Out,62,-31.5,Lost,,,,,,
10/13/2024,Team A,Team B,2,7:35,5,4,0,1,Team A,Go,Puck Recovery,-98,1.5,,,,,,,
10/13/2024,Team A,Team B,2,7:35,5,4,0,1,Team A,Go,Play,-98,1.5,Indirect,,,,3.0,-80.0,37.5
10/13/2024,Team A,Team B,2,7:26,5,4,0,1,Team B,4,Takeaway,13,-13.5,,,,,,,
10/13/2024,Team A,Team B,2,7:24,5,4,0,1,Team B,4,Dump In/Out,-1,-2.5,Lost,,,,,,
10/13/2024,Team A,Team B,2,7:19,5,4,0,1,Team A,3,Puck Recovery,-93,23.5,,,,,,,
10/13/2024,Team A,Team B,2,7:16,5,4,0,1,Team A,3,Play,-32,-10.5,Direct,,,,20.0,-26.0,-37.5
10/13/2024,Team A,Team B,2,7:15,5,4,0,1,Team A,20,Play,-26,-37.5,Direct,,,,25.0,-56.0,-23.5
10/13/2024,Team A,Team B,2,7:13,5,4,0,1,Team A,25,Play,-31,-12.5,Direct,,,,12.0,-10.0,12.5
10/13/2024,Team A,Team B,2,7:11,5,4,0,1,Team A,12,Play,1,12.5,Direct,,,,25.0,6.0,-5.5
10/13/2024,Team A,Team B,2,7:10,5,4,0,1,Team A,25,Incomplete Play,22,-18.5,Direct,,,,20.0,24.0,-38.5
10/13/2024,Team A,Team B,2,7:09,5,4,0,1,Team A,20,Puck Recovery,18,-37.5,,,,,,,
10/13/2024,Team A,Team B,2,7:05,5,4,0,1,Team B,3,Puck Recovery,75,-23.5,,,,,,,
10/13/2024,Team A,Team B,2,7:05,5,4,0,1,Team B,3,Dump In/Out,75,-23.5,Lost,,,,,,
10/13/2024,Team A,Team B,2,7:02,5,4,0,1,Team A,3,Puck Recovery,-74,7.5,,,,,,,
10/13/2024,Team A,Team B,2,6:56,5,4,0,1,Team A,3,Play,-32,-1.5,Direct,,,,25.0,-62.0,-5.5
10/13/2024,Team A,Team B,2,6:56,5,4,0,1,Team A,25,Play,-62,-5.5,Direct,,,,24.0,-12.0,34.5
10/13/2024,Team A,Team B,2,6:55,5,4,0,1,Team A,24,Play,-12,34.5,Direct,,,,12.0,-2.0,17.5
10/13/2024,Team A,Team B,2,6:52,5,4,0,1,Team A,12,Dump In/Out,24,38.5,Retained,,,,,,
10/13/2024,Team A,Team B,2,6:52,5,4,0,1,Team A,12,Zone Entry,24,38.5,Dumped,,,,3.0,,
10/13/2024,Team A,Team B,2,6:47,5,4,0,1,Team A,20,Puck Recovery,82,-34.5,,,,,,,
10/13/2024,Team A,Team B,2,6:46,5,4,0,1,Team A,20,Play,91,-26.5,Indirect,,,,12.0,81.0,36.5
10/13/2024,Team A,Team B,2,6:43,5,4,0,1,Team A,12,Play,81,36.5,Indirect,,,,25.0,80.0,-35.5
10/13/2024,Team A,Team B,2,6:38,5,4,0,1,Team A,25,Play,87,-30.5,Indirect,,,,3.0,27.0,-35.5
10/13/2024,Team A,Team B,2,6:35,5,4,0,1,Team A,3,Play,32,-23.5,Direct,,,,12.0,35.0,35.5
10/13/2024,Team A,Team B,2,6:34,5,4,0,1,Team A,12,Shot,43,39.5,Wristshot,On Net,1.0,f,,,
10/13/2024,Team A,Team B,2,6:32,5,4,0,1,Team B,18,Faceoff Win,69,22.5,Backhand,,,,14.0,,
10/13/2024,Team A,Team B,2,6:31,5,4,0,1,Team B,40,Puck Recovery,76,20.5,,,,,,,
10/13/2024,Team A,Team B,2,6:31,5,4,0,1,Team B,40,Play,76,20.5,Indirect,,,,10.0,84.0,-21.5
10/13/2024,Team A,Team B,2,6:29,5,4,0,1,Team B,10,Dump In/Out,84,-21.5,Lost,,,,,,
10/13/2024,Team A,Team B,2,6:25,5,4,0,1,Team A,Go,Puck Recovery,-97,-0.5,,,,,,,
10/13/2024,Team A,Team B,2,6:24,5,4,0,1,Team A,Go,Play,-97,-0.5,Indirect,,,,2.0,-97.0,-0.5
10/13/2024,Team A,Team B,2,6:18,5,4,0,1,Team A,2,Play,-10,10.5,Indirect,,,,29.0,-22.0,10.5
10/13/2024,Team A,Team B,2,6:15,5,4,0,1,Team A,29,Play,24,16.5,Indirect,,,,8.0,30.0,39.5
10/13/2024,Team A,Team B,2,6:14,5,4,0,1,Team A,29,Zone Entry,24,16.5,Played,,,,14.0,,
10/13/2024,Team A,Team B,2,6:14,5,4,0,1,Team A,8,Play,30,39.5,Indirect,,,,14.0,57.0,-39.5
10/13/2024,Team A,Team B,2,6:09,5,4,0,1,Team A,14,Play,61,-38.5,Indirect,,,,2.0,31.0,-34.5
10/13/2024,Team A,Team B,2,6:07,5,4,0,1,Team A,2,Incomplete Play,28,-13.5,Direct,,,,29.0,49.0,-30.5
10/13/2024,Team A,Team B,2,6:03,5,4,0,1,Team A,2,Puck Recovery,-15,-10.5,,,,,,,
10/13/2024,Team A,Team B,2,6:01,5,4,0,1,Team A,2,Play,-25,11.5,Direct,,,,28.0,-5.0,-19.5
10/13/2024,Team A,Team B,2,5:56,5,4,0,1,Team A,28,Play,17,-8.5,Indirect,,,,8.0,17.0,-8.5
10/13/2024,Team A,Team B,2,5:55,5,4,0,1,Team A,8,Zone Entry,24,4.5,Carried,,,,14.0,,
10/13/2024,Team A,Team B,2,5:55,5,4,0,1,Team A,8,Play,28,13.5,Direct,,,,29.0,36.0,37.5
10/13/2024,Team A,Team B,2,5:53,5,4,0,1,Team A,29,Play,59,40.5,Indirect,,,,8.0,47.0,41.5
10/13/2024,Team A,Team B,2,5:53,5,4,0,1,Team A,8,Play,47,41.5,Indirect,,,,2.0,28.0,37.5
10/13/2024,Team A,Team B,2,5:52,5,4,0,1,Team A,2,Play,28,37.5,Direct,,,,14.0,30.0,-29.5
10/13/2024,Team A,Team B,2,5:48,5,4,0,1,Team A,14,Play,59,-28.5,Direct,,,,28.0,33.0,-17.5
10/13/2024,Team A,Team B,2,5:47,5,4,0,1,Team A,28,Shot,33,-17.5,Slapshot,Missed,1.0,t,,,
10/13/2024,Team A,Team B,2,5:44,5,4,0,1,Team A,2,Puck Recovery,58,36.5,,,,,,,
10/13/2024,Team A,Team B,2,5:42,5,4,0,1,Team B,10,Puck Recovery,36,38.5,,,,,,,
10/13/2024,Team A,Team B,2,3:33,5,5,0,1,Team B,29,Penalty Taken,-57,-5.5,Too many men on the ice,,,,,,
10/13/2024,Team A,Team B,2,3:33,5,4,0,1,Team A,14,Faceoff Win,69,-21.5,Backhand,,,,18.0,,
10/13/2024,Team A,Team B,2,3:31,5,4,0,1,Team A,28,Puck Recovery,69,-24.5,,,,,,,
10/13/2024,Team A,Team B,2,3:31,5,4,0,1,Team A,28,Play,69,-24.5,Direct,,,,2.0,33.0,-23.5
10/13/2024,Team A,Team B,2,3:29,5,4,0,1,Team A,2,Play,32,-16.5,Direct,,,,29.0,43.0,17.5
10/13/2024,Team A,Team B,2,3:29,5,4,0,1,Team A,29,Shot,43,17.5,Slapshot,On Net,1.0,t,,,
10/13/2024,Team A,Team B,2,3:27,5,4,0,1,Team B,3,Puck Recovery,70,39.5,,,,,,,
10/13/2024,Team A,Team B,2,3:27,5,4,0,1,Team B,3,Dump In/Out,70,39.5,Lost,,,,,,
10/13/2024,Team A,Team B,2,3:25,5,4,0,1,Team A,14,Puck Recovery,42,27.5,,,,,,,
10/13/2024,Team A,Team B,2,3:23,5,4,0,1,Team A,14,Play,54,28.5,Direct,,,,8.0,77.0,37.5
10/13/2024,Team A,Team B,2,3:21,5,4,0,1,Team A,8,Play,86,25.5,Indirect,,,,2.0,30.0,31.5
10/13/2024,Team A,Team B,2,3:18,5,4,0,1,Team A,2,Play,32,1.5,Direct,,,,29.0,44.0,29.5
10/13/2024,Team A,Team B,2,3:16,5,4,0,1,Team A,29,Play,44,29.5,Direct,,,,2.0,30.0,1.5
10/13/2024,Team A,Team B,2,3:15,5,4,0,1,Team A,2,Shot,30,1.5,Slapshot,On Net,1.0,t,,,
10/13/2024,Team A,Team B,2,3:14,5,4,0,1,Team A,8,Puck Recovery,82,5.5,,,,,,,
10/13/2024,Team A,Team B,2,3:14,5,4,0,1,Team A,8,Shot,82,5.5,Snapshot,On Net,0.0,f,,,
10/13/2024,Team A,Team B,2,3:13,5,4,0,1,Team B,18,Puck Recovery,78,0.5,,,,,,,
10/13/2024,Team A,Team B,2,3:13,5,4,0,1,Team B,18,Dump In/Out,78,0.5,Lost,,,,,,
10/13/2024,Team A,Team B,2,3:09,5,4,0,1,Team A,Go,Puck Recovery,-85,-32.5,,,,,,,
10/13/2024,Team A,Team B,2,3:08,5,4,0,1,Team A,Go,Play,-85,-32.5,Indirect,,,,2.0,-95.0,-8.5
10/13/2024,Team A,Team B,2,3:03,5,4,0,1,Team A,2,Play,-49,1.5,Direct,,,,14.0,-24.0,-18.5
10/13/2024,Team A,Team B,2,3:01,5,4,0,1,Team A,14,Zone Entry,25,-19.5,Carried,,,,4.0,,
10/13/2024,Team A,Team B,2,3:01,5,4,0,1,Team A,14,Play,28,-17.5,Indirect,,,,28.0,41.0,-34.5
10/13/2024,Team A,Team B,2,2:59,5,4,0,1,Team A,28,Play,52,-37.5,Direct,,,,2.0,30.0,-21.5
10/13/2024,Team A,Team B,2,2:57,5,4,0,1,Team A,2,Play,40,1.5,Direct,,,,29.0,63.0,32.5
10/13/2024,Team A,Team B,2,2:55,5,4,0,1,Team A,29,Play,60,31.5,Direct,,,,2.0,34.0,18.5
10/13/2024,Team A,Team B,2,2:53,5,4,0,1,Team A,2,Play,30,-2.5,Direct,,,,28.0,45.0,-29.5
10/13/2024,Team A,Team B,2,2:52,5,4,0,1,Team A,28,Incomplete Play,42,-18.5,Direct,,,,29.0,52.0,24.5
10/13/2024,Team A,Team B,2,2:50,5,4,0,1,Team A,29,Puck Recovery,83,34.5,,,,,,,
10/13/2024,Team A,Team B,2,2:46,5,4,0,1,Team A,29,Play,75,37.5,Direct,,,,2.0,30.0,33.5
10/13/2024,Team A,Team B,2,2:44,5,4,0,1,Team A,2,Play,27,16.5,Direct,,,,29.0,41.0,35.5
10/13/2024,Team A,Team B,2,2:39,5,4,0,1,Team A,29,Play,58,18.5,Direct,,,,8.0,86.0,21.5
10/13/2024,Team A,Team B,2,2:37,5,4,0,1,Team A,8,Play,85,10.5,Direct,,,,14.0,79.0,5.5
10/13/2024,Team A,Team B,2,2:37,5,4,0,1,Team A,14,Shot,79,5.5,Snapshot,On Net,0.0,t,,,
10/13/2024,Team A,Team B,2,2:36,5,4,0,1,Team B,25,Puck Recovery,82,-4.5,,,,,,,
10/13/2024,Team A,Team B,2,2:35,5,4,0,1,Team B,25,Dump In/Out,87,-19.5,Lost,,,,,,
10/13/2024,Team A,Team B,2,2:31,5,4,0,1,Team A,Go,Puck Recovery,-83,21.5,,,,,,,
10/13/2024,Team A,Team B,2,2:30,5,4,0,1,Team A,Go,Play,-86,20.5,Indirect,,,,2.0,-91.0,11.5
10/13/2024,Team A,Team B,2,2:23,5,4,0,1,Team A,2,Play,-36,2.5,Direct,,,,25.0,-3.0,35.5
10/13/2024,Team A,Team B,2,2:21,5,4,0,1,Team A,25,Dump In/Out,25,36.5,Lost,,,,,,
10/13/2024,Team A,Team B,2,2:21,5,4,0,1,Team A,25,Zone Entry,25,36.5,Dumped,,,,40.0,,
10/13/2024,Team A,Team B,2,2:17,5,4,0,1,Team B,40,Puck Recovery,83,-30.5,,,,,,,
10/13/2024,Team A,Team B,2,2:17,5,4,0,1,Team B,40,Dump In/Out,83,-30.5,Lost,,,,,,
10/13/2024,Team A,Team B,2,2:13,5,4,0,1,Team A,3,Puck Recovery,-20,-34.5,,,,,,,
10/13/2024,Team A,Team B,2,2:08,5,4,0,1,Team A,3,Play,-8,22.5,Direct,,,,12.0,-2.0,27.5
10/13/2024,Team A,Team B,2,2:07,5,4,0,1,Team A,12,Play,24,21.5,Indirect,,,,24.0,28.0,40.5
10/13/2024,Team A,Team B,2,2:06,5,4,0,1,Team A,12,Zone Entry,24,21.5,Played,,,,27.0,,
10/13/2024,Team A,Team B,2,2:05,5,4,0,1,Team B,28,Takeaway,39,39.5,,,,,,,
10/13/2024,Team A,Team B,2,2:05,5,4,0,1,Team B,28,Dump In/Out,39,39.5,Lost,,,,,,
10/13/2024,Team A,Team B,2,2:02,5,4,0,1,Team A,Go,Puck Recovery,-83,-11.5,,,,,,,
10/13/2024,Team A,Team B,2,2:01,5,4,0,1,Team A,Go,Play,-83,-11.5,Direct,,,,3.0,-59.0,-16.5
10/13/2024,Team A,Team B,2,1:58,5,4,0,1,Team A,3,Play,-33,-10.5,Direct,,,,24.0,-10.0,0.5
10/13/2024,Team A,Team B,2,1:54,5,4,0,1,Team A,24,Zone Entry,24,12.5,Carried,,,,27.0,,
10/13/2024,Team A,Team B,2,1:53,5,4,0,1,Team A,24,Play,34,16.5,Indirect,,,,12.0,92.0,30.5
10/13/2024,Team A,Team B,2,1:50,5,4,0,1,Team A,12,Play,92,30.5,Indirect,,,,24.0,94.0,17.5
10/13/2024,Team A,Team B,2,1:49,5,4,0,1,Team A,24,Play,94,17.5,Indirect,,,,25.0,65.0,-40.5
10/13/2024,Team A,Team B,2,1:47,5,4,0,1,Team A,25,Play,56,-34.5,Direct,,,,3.0,28.0,-19.5
10/13/2024,Team A,Team B,2,1:45,5,4,0,1,Team A,3,Play,33,-37.5,Indirect,,,,25.0,62.0,-38.5
10/13/2024,Team A,Team B,2,1:44,5,4,0,1,Team A,25,Incomplete Play,62,-38.5,Direct,,,,12.0,32.0,24.5
10/13/2024,Team A,Team B,2,1:43,5,4,0,1,Team B,18,Takeaway,41,9.5,,,,,,,
10/13/2024,Team A,Team B,2,1:41,5,4,0,1,Team B,18,Dump In/Out,20,-16.5,Lost,,,,,,
10/13/2024,Team A,Team B,2,1:36,5,4,0,1,Team A,3,Puck Recovery,-92,-26.5,,,,,,,
10/13/2024,Team A,Team B,3,18:31,5,5,0,1,Team A,17,Penalty Taken,5,32.5,Hooking,,,,3.0,,
10/13/2024,Team A,Team B,3,18:31,4,5,0,1,Team B,15,Faceoff Win,69,-21.5,Backhand,,,,14.0,,
10/13/2024,Team A,Team B,3,18:30,4,5,0,1,Team B,19,Puck Recovery,64,-20.5,,,,,,,
10/13/2024,Team A,Team B,3,18:30,4,5,0,1,Team B,19,Play,64,-20.5,Direct,,,,2.0,42.0,-36.5
10/13/2024,Team A,Team B,3,18:29,4,5,0,1,Team B,2,Play,42,-36.5,Indirect,,,,19.0,58.0,-32.5
10/13/2024,Team A,Team B,3,18:24,4,5,0,1,Team B,19,Play,79,-30.5,Direct,,,,28.0,89.0,-5.5
10/13/2024,Team A,Team B,3,18:16,4,5,0,1,Team B,19,Puck Recovery,85,-35.5,,,,,,,
10/13/2024,Team A,Team B,3,18:10,4,5,0,1,Team B,19,Play,95,-18.5,Indirect,,,,2.0,29.0,-36.5
10/13/2024,Team A,Team B,3,18:07,4,5,0,1,Team B,2,Shot,30,-21.5,Wristshot,On Net,1.0,f,,,
10/13/2024,Team A,Team B,3,18:04,4,5,0,1,Team B,15,Faceoff Win,69,-21.5,Backhand,,,,24.0,,
10/13/2024,Team A,Team B,3,18:04,4,5,0,1,Team B,28,Puck Recovery,64,-30.5,,,,,,,
10/13/2024,Team A,Team B,3,18:04,4,5,0,1,Team B,28,Play,64,-30.5,Indirect,,,,2.0,36.0,-37.5
10/13/2024,Team A,Team B,3,18:02,4,5,0,1,Team B,2,Play,31,-21.5,Direct,,,,19.0,48.0,-38.5
10/13/2024,Team A,Team B,3,18:00,4,5,0,1,Team B,19,Shot,63,-22.5,Snapshot,Blocked,1.0,f,,,
10/13/2024,Team A,Team B,3,17:58,4,5,0,1,Team B,19,Puck Recovery,85,-37.5,,,,,,,
10/13/2024,Team A,Team B,3,17:55,4,5,0,1,Team B,19,Play,79,-23.5,Indirect,,,,28.0,94.0,-8.5
10/13/2024,Team A,Team B,3,17:51,4,5,0,1,Team A,27,Puck Recovery,99,-2.5,,,,,,,
10/13/2024,Team A,Team B,3,17:51,4,5,0,1,Team A,27,Play,99,-2.5,Direct,,,,7.0,94.0,9.5
10/13/2024,Team A,Team B,3,17:51,4,5,0,1,Team B,29,Takeaway,95,13.5,,,,,,,
10/13/2024,Team A,Team B,3,17:50,4,5,0,1,Team B,28,Puck Recovery,94,10.5,,,,,,,
10/13/2024,Team A,Team B,3,17:48,4,5,0,1,Team B,28,Play,88,29.5,Direct,,,,2.0,32.0,35.5
10/13/2024,Team A,Team B,3,17:46,4,5,0,1,Team B,2,Play,32,33.5,Direct,,,,19.0,64.0,-27.5
10/13/2024,Team A,Team B,3,17:44,4,5,0,1,Team B,19,Shot,66,-24.5,Wristshot,On Net,1.0,f,,,
10/13/2024,Team A,Team B,3,17:42,4,5,0,1,Team A,27,Puck Recovery,87,-18.5,,,,,,,
10/13/2024,Team A,Team B,3,17:41,4,5,0,1,Team A,27,Dump In/Out,86,-30.5,Lost,,,,,,
10/13/2024,Team A,Team B,3,17:37,4,5,0,1,Team B,Go,Puck Recovery,-99,-3.5,,,,,,,
10/13/2024,Team A,Team B,3,17:35,4,5,0,1,Team B,Go,Play,-95,-3.5,Indirect,,,,2.0,-95.0,-3.5
10/13/2024,Team A,Team B,3,17:30,4,5,0,1,Team B,2,Play,-36,-9.5,Indirect,,,,23.0,-39.0,-6.5
10/13/2024,Team A,Team B,3,17:26,4,5,0,1,Team B,23,Zone Entry,24,-27.5,Carried,,,,3.0,,
10/13/2024,Team A,Team B,3,17:21,4,5,0,1,Team B,23,Incomplete Play,77,31.5,Direct,,,,25.0,31.0,38.5
10/13/2024,Team A,Team B,3,17:20,4,5,0,1,Team B,23,Puck Recovery,51,41.5,,,,,,,
10/13/2024,Team A,Team B,3,17:19,4,5,0,1,Team B,23,Play,46,40.5,Indirect,,,,25.0,27.0,37.5
10/13/2024,Team A,Team B,3,17:18,4,5,0,1,Team B,25,Play,27,37.5,Indirect,,,,20.0,59.0,39.5
10/13/2024,Team A,Team B,3,17:17,4,5,0,1,Team B,20,Incomplete Play,59,39.5,Direct,,,,23.0,38.0,-10.5
10/13/2024,Team A,Team B,3,17:17,4,5,0,1,Team A,21,Takeaway,56,14.5,,,,,,,
10/13/2024,Team A,Team B,3,17:16,4,5,0,1,Team A,21,Dump In/Out,56,10.5,Lost,,,,,,
10/13/2024,Team A,Team B,3,17:13,4,5,0,1,Team B,Go,Puck Recovery,-86,-9.5,,,,,,,
10/13/2024,Team A,Team B,3,17:09,4,5,0,1,Team B,Go,Play,-95,-1.5,Indirect,,,,8.0,-95.0,-1.5
10/13/2024,Team A,Team B,3,17:06,4,5,0,1,Team B,8,Play,-30,-10.5,Indirect,,,,23.0,-42.0,-5.5
10/13/2024,Team A,Team B,3,17:02,4,5,0,1,Team B,23,Zone Entry,25,-17.5,Carried,,,,3.0,,
10/13/2024,Team A,Team B,3,17:02,4,5,0,1,Team B,23,Play,29,-18.5,Indirect,,,,9.0,35.0,-38.5
10/13/2024,Team A,Team B,3,17:00,4,5,0,1,Team B,9,Play,59,-37.5,Indirect,,,,8.0,41.0,-40.5
10/13/2024,Team A,Team B,3,16:58,4,5,0,1,Team B,8,Play,42,-29.5,Direct,,,,25.0,70.0,-30.5
10/13/2024,Team A,Team B,3,16:57,4,5,0,1,Team B,25,Shot,58,-26.5,Wristshot,Blocked,1.0,f,,,
10/13/2024,Team A,Team B,3,16:54,4,5,0,1,Team B,8,Puck Recovery,40,7.5,,,,,,,
10/13/2024,Team A,Team B,3,16:54,4,5,0,1,Team B,8,Shot,42,10.5,Wristshot,Blocked,1.0,f,,,
10/13/2024,Team A,Team B,3,16:52,4,5,0,1,Team B,20,Puck Recovery,70,40.5,,,,,,,
10/13/2024,Team A,Team B,3,16:51,4,5,0,1,Team B,20,Play,61,40.5,Direct,,,,9.0,60.0,15.5
10/13/2024,Team A,Team B,3,16:50,4,5,0,1,Team B,9,Play,56,19.5,Direct,,,,8.0,28.0,26.5
10/13/2024,Team A,Team B,3,16:50,4,5,0,1,Team B,8,Play,28,26.5,Direct,,,,23.0,52.0,-27.5
10/13/2024,Team A,Team B,3,16:48,4,5,0,1,Team B,23,Shot,59,-18.5,Wristshot,On Net,1.0,f,,,
10/13/2024,Team A,Team B,3,16:46,4,5,0,1,Team B,9,Puck Recovery,93,-8.5,,,,,,,
10/13/2024,Team A,Team B,3,16:45,4,5,0,1,Team B,9,Play,92,-32.5,Indirect,,,,23.0,73.0,-40.5
10/13/2024,Team A,Team B,3,16:43,4,5,0,1,Team B,23,Play,69,-38.5,Indirect,,,,8.0,35.0,-26.5
10/13/2024,Team A,Team B,3,16:41,4,5,0,1,Team B,8,Play,29,-23.5,Direct,,,,20.0,53.0,25.5
10/13/2024,Team A,Team B,3,16:40,4,5,0,1,Team B,20,Shot,53,25.5,Slapshot,Blocked,1.0,t,,,
10/13/2024,Team A,Team B,3,16:39,4,5,0,1,Team B,9,Puck Recovery,93,9.5,,,,,,,
10/13/2024,Team A,Team B,3,16:36,4,5,0,1,Team B,9,Play,74,37.5,Direct,,,,20.0,35.0,40.5
10/13/2024,Team A,Team B,3,16:33,4,5,0,1,Team B,20,Play,28,15.5,Direct,,,,9.0,57.0,28.5
10/13/2024,Team A,Team B,3,14:27,5,5,0,1,Team B,40,Penalty Taken,-67,-10.5,Holding,,,,25.0,,
10/13/2024,Team A,Team B,3,14:27,5,4,0,1,Team B,18,Faceoff Win,-69,-21.5,Backhand,,,,12.0,,
10/13/2024,Team A,Team B,3,14:27,5,4,0,1,Team B,3,Puck Recovery,-81,-26.5,,,,,,,
10/13/2024,Team A,Team B,3,14:27,5,4,0,1,Team B,3,Play,-81,-26.5,Indirect,,,,10.0,-92.0,23.5
10/13/2024,Team A,Team B,3,14:25,5,4,0,1,Team B,10,Play,-92,23.5,Direct,,,,4.0,-74.0,24.5
10/13/2024,Team A,Team B,3,14:24,5,4,0,1,Team B,4,Dump In/Out,-72,30.5,Lost,,,,,,
10/13/2024,Team A,Team B,3,14:21,5,4,0,1,Team A,Go,Puck Recovery,86,0.5,,,,,,,
10/13/2024,Team A,Team B,3,14:20,5,4,0,1,Team A,Go,Play,79,-0.5,Indirect,,,,3.0,77.0,-9.5
10/13/2024,Team A,Team B,3,14:14,5,4,0,1,Team A,3,Play,27,-6.5,Indirect,,,,12.0,43.0,-7.5
10/13/2024,Team A,Team B,3,14:11,5,4,0,1,Team A,12,Zone Entry,-26,-23.5,Carried,,,,3.0,,
10/13/2024,Team A,Team B,3,14:10,5,4,0,1,Team A,12,Incomplete Play,-36,-31.5,Indirect,,,,20.0,-93.0,29.5
10/13/2024,Team A,Team B,3,14:08,5,4,0,1,Team B,4,Takeaway,-99,-15.5,,,,,,,
10/13/2024,Team A,Team B,3,14:07,5,4,0,1,Team A,12,Takeaway,-99,-11.5,,,,,,,
10/13/2024,Team A,Team B,3,14:04,5,4,0,1,Team B,3,Puck Recovery,-97,-17.5,,,,,,,
10/13/2024,Team A,Team B,3,14:02,5,4,0,1,Team B,18,Puck Recovery,-73,-38.5,,,,,,,
10/13/2024,Team A,Team B,3,14:02,5,4,0,1,Team B,18,Play,-56,-37.5,Indirect,,,,10.0,0.0,36.5
10/13/2024,Team A,Team B,3,13:57,5,4,0,1,Team B,10,Zone Entry,25,39.5,Carried,,,,3.0,,
10/13/2024,Team A,Team B,3,13:56,5,4,0,1,Team B,10,Dump In/Out,45,23.5,Retained,,,,,,
10/13/2024,Team A,Team B,3,13:54,5,4,0,1,Team B,10,Puck Recovery,98,10.5,,,,,,,
10/13/2024,Team A,Team B,3,13:52,5,4,0,1,Team B,10,Puck Recovery,84,9.5,,,,,,,
10/13/2024,Team A,Team B,3,13:50,5,4,0,1,Team A,24,Puck Recovery,79,7.5,,,,,,,
10/13/2024,Team A,Team B,3,13:47,5,4,0,1,Team A,24,Play,86,-8.5,Indirect,,,,3.0,86.0,-11.5
10/13/2024,Team A,Team B,3,13:42,5,4,0,1,Team A,3,Play,59,-10.5,Direct,,,,25.0,26.0,34.5
10/13/2024,Team A,Team B,3,13:39,5,4,0,1,Team A,25,Dump In/Out,-4,24.5,Lost,,,,,,
10/13/2024,Team A,Team B,3,13:39,5,4,0,1,Team A,25,Zone Entry,-25,3.5,Dumped,,,,27.0,,
10/13/2024,Team A,Team B,3,13:37,5,4,0,1,Team B,Go,Puck Recovery,-91,-3.5,,,,,,,
10/13/2024,Team A,Team B,3,13:36,5,4,0,1,Team B,Go,Play,-97,-0.5,Indirect,,,,27.0,-100.0,-1.5
10/13/2024,Team A,Team B,3,13:35,5,4,0,1,Team B,27,Play,-99,1.5,Indirect,,,,8.0,-98.0,6.5
10/13/2024,Team A,Team B,3,13:33,5,4,0,1,Team B,8,Puck Recovery,-96,26.5,,,,,,,
10/13/2024,Team A,Team B,3,13:27,5,4,0,1,Team B,8,Dump In/Out,13,38.5,Lost,,,,,,
10/13/2024,Team A,Team B,3,13:23,5,4,0,1,Team A,3,Puck Recovery,98,9.5,,,,,,,
10/13/2024,Team A,Team B,3,13:19,5,4,0,1,Team A,3,Play,64,1.5,Direct,,,,14.0,30.0,31.5
10/13/2024,Team A,Team B,3,13:17,5,4,0,1,Team A,14,Play,-3,23.5,Direct,,,,28.0,-14.0,41.5
10/13/2024,Team A,Team B,3,13:16,5,4,0,1,Team A,28,Zone Entry,-25,41.5,Carried,,,,3.0,,
10/13/2024,Team A,Team B,3,13:15,5,4,0,1,Team A,28,Play,-51,35.5,Direct,,,,8.0,-55.0,-1.5
10/13/2024,Team A,Team B,3,13:14,5,4,0,1,Team A,8,Shot,-55,-1.5,Snapshot,Blocked,1.0,t,,,
10/13/2024,Team A,Team B,3,13:13,5,4,0,1,Team A,14,Puck Recovery,-95,-9.5,,,,,,,
10/13/2024,Team A,Team B,3,13:12,5,4,0,1,Team A,14,Play,-95,-23.5,Direct,,,,29.0,-66.0,-38.5
10/13/2024,Team A,Team B,3,13:10,5,4,0,1,Team A,29,Play,-75,-35.5,Indirect,,,,2.0,-30.0,-33.5
10/13/2024,Team A,Team B,3,13:08,5,4,0,1,Team A,2,Incomplete Play,-32,-39.5,Indirect,,,,28.0,-74.0,-33.5
10/13/2024,Team A,Team B,3,13:07,5,4,0,1,Team B,25,Takeaway,-42,-37.5,,,,,,,
10/13/2024,Team A,Team B,3,13:05,5,4,0,1,Team B,25,Incomplete Play,-51,-38.5,Indirect,,,,9.0,42.0,-35.5
10/13/2024,Team A,Team B,3,13:03,5,4,0,1,Team B,25,Zone Entry,25,-37.5,Played,,,,2.0,,
10/13/2024,Team A,Team B,3,13:03,5,4,0,1,Team A,2,Takeaway,38,-40.5,,,,,,,
10/13/2024,Team A,Team B,3,13:01,5,4,0,1,Team A,2,Play,45,-39.5,Indirect,,,,29.0,42.0,-32.5
10/13/2024,Team A,Team B,3,12:59,5,4,0,1,Team A,29,Play,52,-7.5,Direct,,,,28.0,20.0,18.5
10/13/2024,Team A,Team B,3,12:59,5,4,0,1,Team A,28,Play,20,18.5,Direct,,,,14.0,0.0,35.5
10/13/2024,Team A,Team B,3,12:57,5,4,0,1,Team A,14,Dump In/Out,-14,42.5,Lost,,,,,,
10/13/2024,Team A,Team B,3,12:57,5,4,0,1,Team A,14,Zone Entry,-26,41.5,Dumped,,,,4.0,,
10/13/2024,Team A,Team B,3,12:56,5,4,0,1,Team B,4,Puck Recovery,-40,42.5,,,,,,,
10/13/2024,Team A,Team B,3,12:56,5,4,0,1,Team B,4,Incomplete Play,-43,42.5,Indirect,,,,9.0,-30.0,40.5
10/13/2024,Team A,Team B,3,12:55,5,4,0,1,Team A,14,Puck Recovery,-23,41.5,,,,,,,
10/13/2024,Team A,Team B,3,12:53,5,4,0,1,Team A,14,Faceoff Win,-20,22.5,Backhand,,,,18.0,,
10/13/2024,Team A,Team B,3,12:50,5,4,0,1,Team A,2,Puck Recovery,65,18.5,,,,,,,
10/13/2024,Team A,Team B,3,12:46,5,4,0,1,Team A,2,Play,54,5.5,Direct,,,,14.0,23.0,33.5
10/13/2024,Team A,Team B,3,12:44,5,4,0,1,Team A,14,Dump In/Out,-4,25.5,Lost,,,,,,
10/13/2024,Team A,Team B,3,12:44,5,4,0,1,Team A,14,Zone Entry,-26,23.5,Dumped,,,,4.0,,
10/13/2024,Team A,Team B,3,12:41,5,4,0,1,Team B,Go,Puck Recovery,-93,7.5,,,,,,,
10/13/2024,Team A,Team B,3,12:41,5,4,0,1,Team B,Go,Incomplete Play,-93,7.5,Direct,,,,18.0,-80.0,34.5
10/13/2024,Team A,Team B,3,12:39,5,4,0,1,Team A,28,Puck Recovery,-89,36.5,,,,,,,
10/13/2024,Team A,Team B,3,12:37,5,4,0,1,Team B,18,Penalty Taken,-34,33.5,Interference,,,,14.0,,
10/13/2024,Team A,Team B,3,12:37,5,3,0,1,Team A,12,Faceoff Win,-69,-21.5,Backhand,,,,9.0,,
10/13/2024,Team A,Team B,3,12:36,5,3,0,1,Team A,20,Puck Recovery,-84,-22.5,,,,,,,
10/13/2024,Team A,Team B,3,12:36,5,3,0,1,Team A,20,Play,-84,-22.5,Indirect,,,,3.0,-52.0,-38.5
10/13/2024,Team A,Team B,3,12:35,5,3,0,1,Team A,3,Play,-52,-38.5,Direct,,,,25.0,-44.0,22.5
10/13/2024,Team A,Team B,3,12:33,5,3,0,1,Team A,25,Shot,-56,18.5,Wristshot,On Net,1.0,f,,,
10/13/2024,Team A,Team B,3,12:32,5,3,0,1,Team A,24,Puck Recovery,-82,5.5,,,,,,,
10/13/2024,Team A,Team B,3,12:32,5,3,0,1,Team A,24,Shot,-86,8.5,Snapshot,Missed,0.0,f,,,
10/13/2024,Team A,Team B,3,12:31,5,3,0,1,Team A,24,Puck Recovery,-96,-3.5,,,,,,,
10/13/2024,Team A,Team B,3,12:31,5,3,0,1,Team A,24,Incomplete Play,-96,-3.5,Direct,,,,20.0,-84.0,-5.5
10/13/2024,Team A,Team B,3,12:29,5,3,0,1,Team A,24,Puck Recovery,-98,-11.5,,,,,,,
10/13/2024,Team A,Team B,3,12:29,5,3,0,1,Team A,24,Play,-98,-11.5,Direct,,,,12.0,-69.0,-36.5
10/13/2024,Team A,Team B,3,12:26,5,4,0,1,Team A,12,Play,-56,-23.5,Direct,,,,3.0,-33.0,10.5
10/13/2024,Team A,Team B,3,12:25,5,4,0,1,Team A,3,Shot,-33,10.5,Slapshot,On Net,1.0,t,,,
10/13/2024,Team A,Team B,3,12:24,5,4,0,1,Team B,4,Puck Recovery,-72,11.5,,,,,,,
10/13/2024,Team A,Team B,3,12:24,5,4,0,1,Team B,4,Play,-72,11.5,Direct,,,,9.0,-50.0,11.5
10/13/2024,Team A,Team B,3,12:23,5,4,0,1,Team B,9,Incomplete Play,-50,11.5,Direct,,,,40.0,-31.0,3.5
10/13/2024,Team A,Team B,3,12:22,5,4,0,1,Team B,9,Puck Recovery,-36,11.5,,,,,,,
10/13/2024,Team A,Team B,3,12:19,5,4,0,1,Team B,3,Puck Recovery,-27,-6.5,,,,,,,
10/13/2024,Team A,Team B,3,12:18,5,4,0,1,Team B,3,Dump In/Out,-5,-24.5,Lost,,,,,,
10/13/2024,Team A,Team B,3,12:14,5,4,0,1,Team A,3,Puck Recovery,99,-15.5,,,,,,,
10/13/2024,Team A,Team B,3,12:10,5,4,0,1,Team A,3,Play,58,-6.5,Direct,,,,25.0,17.0,31.5
10/13/2024,Team A,Team B,3,12:08,5,4,0,1,Team A,25,Dump In/Out,3,31.5,Retained,,,,,,
10/13/2024,Team A,Team B,3,12:08,5,4,0,1,Team A,25,Zone Entry,-26,39.5,Dumped,,,,4.0,,
10/13/2024,Team A,Team B,3,12:06,5,4,0,1,Team A,12,Puck Recovery,-75,-40.5,,,,,,,
10/13/2024,Team A,Team B,3,12:05,5,4,0,1,Team A,12,Play,-87,-36.5,Indirect,,,,24.0,-82.0,-39.5
10/13/2024,Team A,Team B,3,12:03,5,4,0,1,Team A,24,Incomplete Play,-79,-40.5,Indirect,,,,3.0,-31.0,-34.5
10/13/2024,Team A,Team B,3,12:02,5,4,0,1,Team B,15,Takeaway,-63,-39.5,,,,,,,
10/13/2024,Team A,Team B,3,12:00,5,4,0,1,Team B,15,Dump In/Out,-44,-40.5,Lost,,,,,,
10/13/2024,Team A,Team B,3,11:58,5,4,0,1,Team A,3,Puck Recovery,8,-31.5,,,,,,,
10/13/2024,Team A,Team B,3,11:58,5,4,0,1,Team A,3,Play,8,-31.5,Direct,,,,25.0,2.0,21.5
10/13/2024,Team A,Team B,3,11:56,5,4,0,1,Team A,25,Dump In/Out,-22,37.5,Retained,,,,,,
10/13/2024,Team A,Team B,3,11:55,5,4,0,1,Team A,25,Zone Entry,-25,37.5,Dumped,,,,4.0,,
10/13/2024,Team A,Team B,3,11:52,5,4,0,1,Team A,20,Puck Recovery,-97,24.5,,,,,,,
10/13/2024,Team A,Team B,3,11:52,5,4,0,1,Team A,20,Play,-99,9.5,Direct,,,,12.0,-95.0,-13.5
10/13/2024,Team A,Team B,3,11:50,5,4,0,1,Team A,12,Play,-95,-15.5,Indirect,,,,24.0,-63.0,-35.5
10/13/2024,Team A,Team B,3,11:47,5,4,0,1,Team A,24,Play,-57,-35.5,Indirect,,,,12.0,-67.0,-39.5
10/13/2024,Team A,Team B,3,11:45,5,4,0,1,Team A,12,Play,-60,-38.5,Indirect,,,,20.0,-96.0,-23.5
10/13/2024,Team A,Team B,3,11:43,5,4,0,1,Team A,20,Play,-85,-34.5,Indirect,,,,12.0,-50.0,-37.5
10/13/2024,Team A,Team B,3,11:41,5,4,0,1,Team A,12,Play,-40,-41.5,Direct,,,,3.0,-30.0,5.5
10/13/2024,Team A,Team B,3,11:40,5,4,0,1,Team A,3,Shot,-30,5.5,Slapshot,Blocked,1.0,t,,,
10/13/2024,Team A,Team B,3,11:39,5,4,0,1,Team A,20,Puck Recovery,-81,-18.5,,,,,,,
10/13/2024,Team A,Team B,3,11:39,5,4,0,1,Team A,20,Shot,-81,-18.5,Snapshot,Missed,0.0,f,,,
10/13/2024,Team A,Team B,3,11:34,5,4,0,1,Team A,3,Puck Recovery,19,37.5,,,,,,,
10/13/2024,Team A,Team B,3,11:34,5,4,0,1,Team A,3,Play,22,29.5,Direct,,,,12.0,-8.0,-37.5
10/13/2024,Team A,Team B,3,11:33,5,4,0,1,Team A,12,Play,-8,-37.5,Direct,,,,3.0,28.0,-5.5
10/13/2024,Team A,Team B,3,11:26,5,4,0,1,Team A,3,Dump In/Out,-3,-23.5,Lost,,,,,,
10/13/2024,Team A,Team B,3,11:26,5,4,0,1,Team A,3,Zone Entry,-25,-34.5,Dumped,,,,27.0,,
10/13/2024,Team A,Team B,3,11:23,5,4,0,1,Team B,19,Puck Recovery,-80,41.5,,,,,,,
10/13/2024,Team A,Team B,3,11:23,5,4,0,1,Team B,19,Play,-80,41.5,Indirect,,,,40.0,-98.0,-1.5
10/13/2024,Team A,Team B,3,11:22,5,4,0,1,Team B,40,Incomplete Play,-98,-1.5,Indirect,,,,27.0,-85.0,-32.5
10/13/2024,Team A,Team B,3,11:20,5,4,0,1,Team A,24,Puck Recovery,-85,-37.5,,,,,,,
10/13/2024,Team A,Team B,3,11:19,5,4,0,1,Team B,10,Puck Recovery,-72,-40.5,,,,,,,
10/13/2024,Team A,Team B,3,11:19,5,4,0,1,Team B,10,Dump In/Out,-72,-40.5,Lost,,,,,,
10/13/2024,Team A,Team B,3,11:18,5,4,0,1,Team A,3,Puck Recovery,-31,-39.5,,,,,,,
10/13/2024,Team A,Team B,3,11:17,5,4,0,1,Team A,3,Play,-33,-35.5,Direct,,,,20.0,-29.0,18.5
10/13/2024,Team A,Team B,3,11:16,5,4,0,1,Team A,20,Play,-33,16.5,Direct,,,,25.0,-31.0,-8.5
10/13/2024,Team A,Team B,3,11:13,5,4,0,1,Team A,25,Play,-29,24.5,Direct,,,,3.0,-33.0,-8.5
10/13/2024,Team A,Team B,3,11:12,5,4,0,1,Team A,3,Play,-30,-7.5,Direct,,,,12.0,-40.0,-36.5
10/13/2024,Team A,Team B,3,11:09,5,4,0,1,Team A,12,Play,-69,-38.5,Direct,,,,3.0,-28.0,-0.5
10/13/2024,Team A,Team B,3,11:08,5,4,0,1,Team A,3,Shot,-28,-0.5,Slapshot,On Net,1.0,t,,,
10/13/2024,Team A,Team B,3,11:06,5,4,0,1,Team A,12,Puck Recovery,-59,-29.5,,,,,,,
10/13/2024,Team A,Team B,3,11:04,5,4,0,1,Team A,12,Play,-66,-40.5,Direct,,,,3.0,-28.0,-5.5
10/13/2024,Team A,Team B,3,11:02,5,4,0,1,Team A,3,Play,-30,-4.5,Direct,,,,25.0,-60.0,32.5
10/13/2024,Team A,Team B,3,11:01,5,4,0,1,Team A,25,Play,-60,32.5,Direct,,,,24.0,-66.0,3.5
10/13/2024,Team A,Team B,3,11:01,5,4,0,1,Team B,10,Puck Recovery,-67,17.5,,,,,,,
10/13/2024,Team A,Team B,3,11:00,5,4,0,1,Team B,10,Dump In/Out,-68,19.5,Lost,,,,,,
10/13/2024,Team A,Team B,3,10:56,5,4,0,1,Team A,Go,Puck Recovery,98,0.5,,,,,,,
10/13/2024,Team A,Team B,3,10:54,5,4,0,1,Team A,Go,Play,97,-0.5,Indirect,,,,2.0,98.0,1.5
10/13/2024,Team A,Team B,3,10:49,5,4,0,1,Team A,2,Play,57,2.5,Direct,,,,14.0,16.0,22.5
10/13/2024,Team A,Team B,3,10:47,5,4,0,1,Team A,14,Play,-22,25.5,Direct,,,,28.0,-34.0,39.5
10/13/2024,Team A,Team B,3,10:46,5,4,0,1,Team A,14,Zone Entry,-26,28.5,Played,,,,8.0,,
10/13/2024,Team A,Team B,3,10:45,5,4,0,1,Team A,28,Incomplete Play,-53,40.5,Direct,,,,14.0,-75.0,19.5
10/13/2024,Team A,Team B,3,10:43,5,4,0,1,Team B,9,Faceoff Win,-69,22.5,Backhand,,,,14.0,,
10/13/2024,Team A,Team B,3,10:42,5,4,0,1,Team B,2,Puck Recovery,-86,34.5,,,,,,,
10/13/2024,Team A,Team B,3,10:41,5,4,0,1,Team A,29,Puck Recovery,-93,28.5,,,,,,,
10/13/2024,Team A,Team B,3,10:40,5,4,0,1,Team A,29,Play,-91,24.5,Indirect,,,,8.0,-98.0,20.5
10/13/2024,Team A,Team B,3,12:37,5,4,0,1,Team B,18,Penalty Taken,-34,33.5,Interference,,,,14.0,,
10/13/2024,Team A,Team B,3,12:37,5,3,0,1,Team A,12,Faceoff Win,-69,-21.5,Backhand,,,,9.0,,
10/13/2024,Team A,Team B,3,12:36,5,3,0,1,Team A,20,Puck Recovery,-84,-22.5,,,,,,,
10/13/2024,Team A,Team B,3,12:36,5,3,0,1,Team A,20,Play,-84,-22.5,Indirect,,,,3.0,-52.0,-38.5
10/13/2024,Team A,Team B,3,12:35,5,3,0,1,Team A,3,Play,-52,-38.5,Direct,,,,25.0,-44.0,22.5
10/13/2024,Team A,Team B,3,12:33,5,3,0,1,Team A,25,Shot,-56,18.5,Wristshot,On Net,1.0,f,,,
10/13/2024,Team A,Team B,3,12:32,5,3,0,1,Team A,24,Puck Recovery,-82,5.5,,,,,,,
10/13/2024,Team A,Team B,3,12:32,5,3,0,1,Team A,24,Shot,-86,8.5,Snapshot,Missed,0.0,f,,,
10/13/2024,Team A,Team B,3,12:31,5,3,0,1,Team A,24,Puck Recovery,-96,-3.5,,,,,,,
10/13/2024,Team A,Team B,3,12:31,5,3,0,1,Team A,24,Incomplete Play,-96,-3.5,Direct,,,,20.0,-84.0,-5.5
10/13/2024,Team A,Team B,3,12:29,5,3,0,1,Team A,24,Puck Recovery,-98,-11.5,,,,,,,
10/13/2024,Team A,Team B,3,12:29,5,3,0,1,Team A,24,Play,-98,-11.5,Direct,,,,12.0,-69.0,-36.5
10/13/2024,Team A,Team B,3,7:42,5,5,0,1,Team A,7,Penalty Taken,91,32.5,Holding,,,,25.0,,
10/13/2024,Team A,Team B,3,7:42,4,5,0,1,Team B,15,Faceoff Win,69,-21.5,Backhand,,,,14.0,,
10/13/2024,Team A,Team B,3,7:42,4,5,0,1,Team B,19,Puck Recovery,77,-18.5,,,,,,,
10/13/2024,Team A,Team B,3,7:42,4,5,0,1,Team B,19,Play,77,-18.5,Indirect,,,,8.0,53.0,-34.5
10/13/2024,Team A,Team B,3,7:40,4,5,0,1,Team B,8,Play,63,-41.5,Indirect,,,,19.0,84.0,-37.5
10/13/2024,Team A,Team B,3,7:34,4,5,0,1,Team B,15,Puck Recovery,75,-22.5,,,,,,,
10/13/2024,Team A,Team B,3,7:33,4,5,0,1,Team A,38,Puck Recovery,73,-5.5,,,,,,,
10/13/2024,Team A,Team B,3,7:33,4,5,0,1,Team A,38,Dump In/Out,69,0.5,Lost,,,,,,
10/13/2024,Team A,Team B,3,7:31,4,5,0,1,Team B,29,Puck Recovery,50,22.5,,,,,,,
10/13/2024,Team A,Team B,3,7:31,4,5,0,1,Team B,29,Incomplete Play,48,34.5,Indirect,,,,15.0,53.0,-37.5
10/13/2024,Team A,Team B,3,7:27,4,5,0,1,Team A,21,Takeaway,57,-41.5,,,,,,,
10/13/2024,Team A,Team B,3,7:27,4,5,0,1,Team A,21,Dump In/Out,57,-41.5,Lost,,,,,,
10/13/2024,Team A,Team B,3,7:21,4,5,0,1,Team B,29,Puck Recovery,-95,-18.5,,,,,,,
10/13/2024,Team A,Team B,3,7:21,4,5,0,1,Team B,29,Play,-95,-18.5,Indirect,,,,15.0,-88.0,-37.5
10/13/2024,Team A,Team B,3,7:16,4,5,0,1,Team B,15,Play,-95,5.5,Direct,,,,8.0,-62.0,32.5
10/13/2024,Team A,Team B,3,7:13,4,5,0,1,Team B,8,Incomplete Play,-18,21.5,Indirect,,,,15.0,-64.0,16.5
10/13/2024,Team A,Team B,3,7:11,4,5,0,1,Team B,28,Puck Recovery,-4,40.5,,,,,,,
10/13/2024,Team A,Team B,3,7:11,4,5,0,1,Team B,28,Play,-4,40.5,Direct,,,,29.0,-22.0,18.5
10/13/2024,Team A,Team B,3,7:08,4,5,0,1,Team B,29,Zone Entry,24,16.5,Carried,,,,38.0,,
10/13/2024,Team A,Team B,3,7:07,4,5,0,1,Team B,29,Shot,63,18.5,Wristshot,Missed,1.0,f,,,
10/13/2024,Team A,Team B,3,7:03,4,5,0,1,Team B,19,Puck Recovery,22,-26.5,,,,,,,
10/13/2024,Team A,Team B,3,6:59,4,5,0,1,Team B,8,Puck Recovery,-24,24.5,,,,,,,
10/13/2024,Team A,Team B,3,6:59,4,5,0,1,Team B,8,Incomplete Play,-24,24.5,Direct,,,,15.0,-4.0,-22.5
10/13/2024,Team A,Team B,3,6:58,4,5,0,1,Team B,19,Puck Recovery,-35,9.5,,,,,,,
10/13/2024,Team A,Team B,3,6:54,4,5,0,1,Team B,19,Zone Entry,25,-8.5,Carried,,,,3.0,,
10/13/2024,Team A,Team B,3,6:52,4,5,0,1,Team B,19,Play,58,-20.5,Indirect,,,,29.0,58.0,-27.5
10/13/2024,Team A,Team B,3,6:49,4,5,0,1,Team A,8,Puck Recovery,64,18.5,,,,,,,
10/13/2024,Team A,Team B,3,6:47,4,5,0,1,Team A,8,Play,31,19.5,Direct,,,,12.0,18.0,-0.5
10/13/2024,Team A,Team B,3,6:45,4,5,0,1,Team A,12,Zone Entry,-25,-20.5,Carried,,,,2.0,,
10/13/2024,Team A,Team B,3,6:44,4,5,0,1,Team A,12,Incomplete Play,-37,-21.5,Direct,,,,8.0,-63.0,5.5
10/13/2024,Team A,Team B,3,6:42,4,5,0,1,Team B,25,Puck Recovery,-89,26.5,,,,,,,
10/13/2024,Team A,Team B,3,6:40,4,5,0,1,Team B,25,Play,-46,40.5,Direct,,,,2.0,-35.0,12.5
10/13/2024,Team A,Team B,3,6:37,4,5,0,1,Team B,2,Zone Entry,25,-3.5,Carried,,,,6.0,,
10/13/2024,Team A,Team B,3,6:35,4,5,0,1,Team B,2,Incomplete Play,44,-39.5,Direct,,,,25.0,78.0,-4.5
10/13/2024,Team A,Team B,3,6:32,4,5,0,1,Team B,25,Puck Recovery,97,11.5,,,,,,,
10/13/2024,Team A,Team B,3,6:32,4,5,0,1,Team B,25,Play,97,11.5,Indirect,,,,23.0,97.0,8.5
10/13/2024,Team A,Team B,3,6:27,4,5,0,1,Team B,23,Play,69,-32.5,Direct,,,,2.0,29.0,-25.5
10/13/2024,Team A,Team B,3,6:25,4,5,0,1,Team B,2,Play,29,-4.5,Direct,,,,20.0,61.0,26.5
10/13/2024,Team A,Team B,3,6:24,4,5,0,1,Team B,20,Shot,61,26.5,Slapshot,Blocked,1.0,t,,,
10/13/2024,Team A,Team B,3,6:22,4,5,0,1,Team A,6,Puck Recovery,91,-3.5,,,,,,,
10/13/2024,Team A,Team B,3,6:22,4,5,0,1,Team A,6,Dump In/Out,91,-3.5,Lost,,,,,,
10/13/2024,Team A,Team B,3,6:20,4,5,0,1,Team B,2,Puck Recovery,27,-40.5,,,,,,,
10/13/2024,Team A,Team B,3,6:19,4,5,0,1,Team B,2,Play,31,-40.5,Indirect,,,,23.0,71.0,-35.5
10/13/2024,Team A,Team B,3,6:17,4,5,0,1,Team B,23,Play,68,-31.5,Direct,,,,25.0,93.0,-11.5
10/13/2024,Team A,Team B,3,6:14,4,5,0,1,Team B,25,Play,97,6.5,Direct,,,,20.0,61.0,38.5
10/13/2024,Team A,Team B,3,6:12,4,5,0,1,Team B,20,Play,58,33.5,Direct,,,,25.0,95.0,23.5
10/13/2024,Team A,Team B,3,6:08,4,5,0,1,Team B,25,Play,96,0.5,Direct,,,,20.0,74.0,40.5
10/13/2024,Team A,Team B,3,6:06,4,5,0,1,Team B,20,Shot,68,31.5,Snapshot,On Net,1.0,f,,,
10/13/2024,Team A,Team B,3,6:04,4,5,0,1,Team B,9,Faceoff Win,69,22.5,Backhand,,,,14.0,,
10/13/2024,Team A,Team B,3,6:04,4,5,0,1,Team B,20,Puck Recovery,65,34.5,,,,,,,
10/13/2024,Team A,Team B,3,6:04,4,5,0,1,Team B,20,Play,65,34.5,Direct,,,,3.0,31.0,34.5
10/13/2024,Team A,Team B,3,6:02,4,5,0,1,Team B,3,Play,33,26.5,Direct,,,,40.0,47.0,-13.5
10/13/2024,Team A,Team B,3,6:01,4,5,0,1,Team B,40,Shot,47,-13.5,Slapshot,Missed,1.0,t,,,
10/13/2024,Team A,Team B,3,5:58,4,5,0,1,Team B,20,Puck Recovery,48,42.5,,,,,,,
10/13/2024,Team A,Team B,3,5:58,4,5,0,1,Team B,20,Play,46,40.5,Direct,,,,9.0,59.0,19.5
10/13/2024,Team A,Team B,3,5:57,4,5,0,1,Team B,9,Play,56,35.5,Indirect,,,,20.0,45.0,39.5
10/13/2024,Team A,Team B,3,5:54,4,5,0,1,Team B,20,Incomplete Play,71,34.5,Direct,,,,40.0,74.0,-12.5
10/13/2024,Team A,Team B,3,5:53,4,5,0,1,Team A,3,Puck Recovery,74,-0.5,,,,,,,
10/13/2024,Team A,Team B,3,5:50,4,5,0,1,Team A,3,Puck Recovery,71,-41.5,,,,,,,
10/13/2024,Team A,Team B,3,5:50,4,5,0,1,Team A,3,Dump In/Out,71,-41.5,Lost,,,,,,
10/13/2024,Team A,Team B,3,5:47,4,5,0,1,Team B,Go,Puck Recovery,-99,2.5,,,,,,,
10/13/2024,Team A,Team B,3,5:47,4,5,0,1,Team B,Go,Play,-99,2.5,Indirect,,,,3.0,-99.0,2.5
10/13/2024,Team A,Team B,3,4:58,5,5,0,1,Team B,27,Penalty Taken,-43,-5.5,Tripping,,,,8.0,,
10/13/2024,Team A,Team B,3,4:58,5,4,0,1,Team A,12,Faceoff Win,-69,-21.5,Backhand,,,,18.0,,
10/13/2024,Team A,Team B,3,4:58,5,4,0,1,Team A,3,Puck Recovery,-34,-38.5,,,,,,,
10/13/2024,Team A,Team B,3,4:57,5,4,0,1,Team A,3,Play,-29,-26.5,Direct,,,,25.0,-32.0,33.5
10/13/2024,Team A,Team B,3,4:52,5,4,0,1,Team A,25,Incomplete Play,-50,41.5,Direct,,,,24.0,-50.0,19.5
10/13/2024,Team A,Team B,3,4:51,5,4,0,1,Team B,3,Puck Recovery,-51,-3.5,,,,,,,
10/13/2024,Team A,Team B,3,4:51,5,4,0,1,Team B,3,Dump In/Out,-47,-4.5,Lost,,,,,,
10/13/2024,Team A,Team B,3,4:45,5,4,0,1,Team A,Go,Puck Recovery,98,1.5,,,,,,,
10/13/2024,Team A,Team B,3,4:45,5,4,0,1,Team A,Go,Play,98,1.5,Indirect,,,,3.0,98.0,1.5
10/13/2024,Team A,Team B,3,4:38,5,4,0,1,Team A,3,Play,40,8.5,Direct,,,,25.0,-4.0,35.5
10/13/2024,Team A,Team B,3,4:33,5,4,0,1,Team B,18,Puck Recovery,49,32.5,,,,,,,
10/13/2024,Team A,Team B,3,4:32,5,4,0,1,Team B,18,Shot,81,4.5,Snapshot,On Net,0.0,f,,,
10/13/2024,Team A,Team B,3,4:30,5,4,0,1,Team A,25,Puck Recovery,87,12.5,,,,,,,
10/13/2024,Team A,Team B,3,4:24,5,4,0,1,Team A,25,Play,-5,29.5,Direct,,,,12.0,-22.0,-27.5
10/13/2024,Team A,Team B,3,4:23,5,4,0,1,Team A,12,Zone Entry,-26,-27.5,Carried,,,,3.0,,
10/13/2024,Team A,Team B,3,4:20,5,4,0,1,Team A,12,Play,-81,-37.5,Indirect,,,,3.0,-29.0,-15.5
10/13/2024,Team A,Team B,3,4:19,5,4,0,1,Team A,3,Play,-29,-15.5,Direct,,,,20.0,-35.0,27.5
10/13/2024,Team A,Team B,3,4:18,5,4,0,1,Team A,20,Play,-40,31.5,Direct,,,,25.0,-75.0,33.5
10/13/2024,Team A,Team B,3,4:16,5,4,0,1,Team A,25,Play,-70,40.5,Direct,,,,3.0,-28.0,6.5
10/13/2024,Team A,Team B,3,4:14,5,4,0,1,Team A,3,Play,-30,13.5,Direct,,,,12.0,-36.0,-35.5
10/13/2024,Team A,Team B,3,4:11,5,4,0,1,Team A,12,Play,-34,-38.5,Direct,,,,3.0,-30.0,16.5
10/13/2024,Team A,Team B,3,4:10,5,4,0,1,Team A,3,Play,-31,13.5,Direct,,,,24.0,-44.0,5.5
10/13/2024,Team A,Team B,3,4:10,5,4,0,1,Team A,24,Play,-44,5.5,Indirect,,,,3.0,-33.0,5.5
10/13/2024,Team A,Team B,3,4:09,5,4,0,1,Team A,3,Play,-33,5.5,Direct,,,,12.0,-32.0,-36.5
10/13/2024,Team A,Team B,3,4:05,5,4,0,1,Team A,12,Play,-54,-39.5,Direct,,,,3.0,-31.0,-18.5
10/13/2024,Team A,Team B,3,4:04,5,4,0,1,Team A,3,Play,-28,-17.5,Direct,,,,25.0,-63.0,32.5
10/13/2024,Team A,Team B,3,4:03,5,4,0,1,Team A,25,Shot,-63,32.5,Slapshot,Missed,1.0,t,,,
10/13/2024,Team A,Team B,3,4:03,5,4,0,1,Team A,20,Shot,-79,4.5,Deflection,On Net,0.0,f,,,
10/13/2024,Team A,Team B,3,4:02,5,4,0,1,Team B,4,Puck Recovery,-79,21.5,,,,,,,
10/13/2024,Team A,Team B,3,4:00,5,4,0,1,Team B,4,Dump In/Out,-53,12.5,Lost,,,,,,
10/13/2024,Team A,Team B,3,3:56,5,4,0,1,Team A,Go,Puck Recovery,99,-1.5,,,,,,,
10/13/2024,Team A,Team B,3,3:54,5,4,0,1,Team A,Go,Play,98,-2.5,Indirect,,,,2.0,99.0,-1.5
10/13/2024,Team A,Team B,3,3:49,5,4,0,1,Team A,2,Play,66,3.5,Direct,,,,29.0,23.0,-24.5
10/13/2024,Team A,Team B,3,3:47,5,4,0,1,Team A,29,Play,-7,-23.5,Direct,,,,8.0,-29.0,-41.5
10/13/2024,Team A,Team B,3,3:47,5,4,0,1,Team A,29,Zone Entry,-26,-39.5,Played,,,,14.0,,
10/13/2024,Team A,Team B,3,3:46,5,4,0,1,Team A,8,Play,-35,-41.5,Indirect,,,,14.0,-88.0,37.5
10/13/2024,Team A,Team B,3,3:42,5,4,0,1,Team B,9,Puck Recovery,-82,40.5,,,,,,,
10/13/2024,Team A,Team B,3,3:42,5,4,0,1,Team B,9,Dump In/Out,-82,40.5,Lost,,,,,,
10/13/2024,Team A,Team B,3,3:38,5,4,0,1,Team A,Go,Puck Recovery,98,3.5,,,,,,,
10/13/2024,Team A,Team B,3,3:37,5,4,0,1,Team A,Go,Play,91,4.5,Indirect,,,,2.0,95.0,5.5
10/13/2024,Team A,Team B,3,3:32,5,4,0,1,Team A,2,Play,22,-12.5,Direct,,,,14.0,5.0,24.5
10/13/2024,Team A,Team B,3,3:30,5,4,0,1,Team A,14,Play,-6,24.5,Indirect,,,,28.0,-11.0,41.5
10/13/2024,Team A,Team B,3,3:30,5,4,0,1,Team A,28,Zone Entry,-26,41.5,Carried,,,,40.0,,
10/13/2024,Team A,Team B,3,3:29,5,4,0,1,Team A,28,Play,-51,38.5,Indirect,,,,14.0,-49.0,23.5
10/13/2024,Team A,Team B,3,3:28,5,4,0,1,Team A,14,Shot,-63,15.5,Snapshot,Blocked,1.0,f,,,
10/13/2024,Team A,Team B,3,3:26,5,4,0,1,Team B,40,Puck Recovery,-94,11.5,,,,,,,
10/13/2024,Team A,Team B,3,3:26,5,4,0,1,Team B,40,Incomplete Play,-92,13.5,Indirect,,,,10.0,-71.0,27.5
10/13/2024,Team A,Team B,3,3:24,5,4,0,1,Team A,14,Takeaway,-74,38.5,,,,,,,
10/13/2024,Team A,Team B,3,3:24,5,4,0,1,Team A,14,Play,-74,38.5,Direct,,,,2.0,-30.0,16.5
10/13/2024,Team A,Team B,3,3:22,5,4,0,1,Team A,2,Play,-28,8.5,Direct,,,,14.0,-34.0,34.5
10/13/2024,Team A,Team B,3,3:21,5,4,0,1,Team A,14,Play,-29,32.5,Direct,,,,28.0,-60.0,39.5
10/13/2024,Team A,Team B,3,3:16,5,4,0,1,Team A,28,Play,-61,31.5,Direct,,,,14.0,-61.0,12.5
10/13/2024,Team A,Team B,3,3:13,5,4,0,1,Team A,2,Puck Recovery,-31,22.5,,,,,,,
10/13/2024,Team A,Team B,3,3:08,5,4,0,1,Team A,2,Play,-42,40.5,Direct,,,,28.0,-74.0,41.5
10/13/2024,Team A,Team B,3,3:03,5,4,0,1,Team A,28,Play,-68,41.5,Direct,,,,29.0,-51.0,-30.5
10/13/2024,Team A,Team B,3,3:00,5,4,0,1,Team A,29,Puck Recovery,-47,-39.5,,,,,,,
10/13/2024,Team A,Team B,3,2:59,5,4,0,1,Team A,29,Incomplete Play,-50,-41.5,Indirect,,,,8.0,-85.0,-17.5
10/13/2024,Team A,Team B,3,2:21,5,5,0,1,Team A,17,Penalty Taken,88,34.5,Boarding,,,,25.0,,
10/13/2024,Team A,Team B,3,2:21,5,5,0,1,Team A,6,Penalty Taken,47,15.5,Holding,,,,20.0,,
10/13/2024,Team A,Team B,3,2:21,3,5,0,1,Team B,9,Faceoff Win,20,22.5,Backhand,,,,14.0,,
10/13/2024,Team A,Team B,3,2:20,3,5,0,1,Team B,2,Puck Recovery,-12,10.5,,,,,,,
10/13/2024,Team A,Team B,3,2:20,3,5,0,1,Team B,2,Play,-12,10.5,Direct,,,,23.0,-18.0,-26.5
10/13/2024,Team A,Team B,3,2:18,3,5,0,1,Team B,23,Play,-29,-31.5,Direct,,,,2.0,-51.0,2.5
10/13/2024,Team A,Team B,3,2:15,3,5,0,1,Team B,2,Play,-32,16.5,Direct,,,,20.0,-5.0,39.5
10/13/2024,Team A,Team B,3,2:13,3,5,0,1,Team B,20,Play,9,33.5,Direct,,,,23.0,14.0,-15.5
10/13/2024,Team A,Team B,3,2:12,3,5,0,1,Team B,23,Zone Entry,25,-26.5,Carried,,,,38.0,,
10/13/2024,Team A,Team B,3,2:09,3,5,0,1,Team B,23,Play,84,-36.5,Indirect,,,,9.0,50.0,-38.5
10/13/2024,Team A,Team B,3,2:07,3,5,0,1,Team B,9,Play,42,-35.5,Direct,,,,20.0,42.0,22.5
10/13/2024,Team A,Team B,3,2:06,3,5,0,1,Team B,20,Play,42,22.5,Direct,,,,2.0,30.0,5.5
10/13/2024,Team A,Team B,3,2:05,3,5,0,1,Team B,2,Play,30,5.5,Direct,,,,20.0,45.0,29.5
10/13/2024,Team A,Team B,3,2:04,3,5,0,1,Team B,20,Play,45,29.5,Indirect,,,,23.0,59.0,-29.5
10/13/2024,Team A,Team B,3,2:02,3,5,0,1,Team B,23,Play,67,-28.5,Direct,,,,2.0,37.0,-2.5
10/13/2024,Team A,Team B,3,1:59,3,5,0,1,Team B,2,Play,43,-0.5,Direct,,,,20.0,60.0,23.5
10/13/2024,Team A,Team B,3,1:58,3,5,0,1,Team B,20,Play,65,20.5,Direct,,,,23.0,82.0,-4.5
10/13/2024,Team A,Team B,3,1:57,3,5,0,1,Team B,23,Shot,82,-4.5,Fan,Missed,0.0,t,,,
10/13/2024,Team A,Team B,3,1:56,3,5,0,1,Team B,23,Puck Recovery,82,-9.5,,,,,,,
10/13/2024,Team A,Team B,3,1:56,3,5,0,1,Team B,23,Shot,82,-9.5,Wristshot,Blocked,0.0,f,,,
10/13/2024,Team A,Team B,3,1:53,3,5,0,1,Team B,20,Puck Recovery,81,41.5,,,,,,,
10/13/2024,Team A,Team B,3,1:53,3,5,0,1,Team B,20,Play,74,40.5,Direct,,,,2.0,35.0,33.5
10/13/2024,Team A,Team B,3,1:51,3,5,0,1,Team B,2,Play,39,26.5,Direct,,,,20.0,54.0,39.5
10/13/2024,Team A,Team B,3,1:50,3,5,0,1,Team B,20,Play,61,22.5,Direct,,,,9.0,73.0,1.5
10/13/2024,Team A,Team B,3,1:46,3,5,0,1,Team B,23,Puck Recovery,75,-40.5,,,,,,,
10/13/2024,Team A,Team B,3,1:46,3,5,0,1,Team B,23,Play,75,-40.5,Indirect,,,,9.0,57.0,-40.5
10/13/2024,Team A,Team B,3,1:45,3,5,0,1,Team B,9,Play,46,-40.5,Indirect,,,,20.0,33.0,37.5
10/13/2024,Team A,Team B,3,1:39,3,5,0,1,Team B,20,Play,61,26.5,Direct,,,,9.0,84.0,-6.5
10/13/2024,Team A,Team B,3,1:38,3,5,0,1,Team B,9,Goal,86,-4.5,Snapshot,On Net,0.0,f,,,
10/13/2024,Team A,Team B,3,1:37,4,5,0,2,Team A,15,Faceoff Win,0,0.5,Backhand,,,,15.0,,
10/13/2024,Team A,Team B,3,1:37,4,5,0,2,Team A,8,Puck Recovery,8,11.5,,,,,,,
10/13/2024,Team A,Team B,3,1:31,4,5,0,2,Team A,8,Play,58,9.5,Direct,,,,15.0,37.0,41.5
10/13/2024,Team A,Team B,3,1:29,4,5,0,2,Team A,15,Play,27,40.5,Direct,,,,8.0,-2.0,26.5
10/13/2024,Team A,Team B,3,1:27,4,5,0,2,Team A,8,Zone Entry,-26,36.5,Carried,,,,40.0,,
10/13/2024,Team A,Team B,3,1:22,4,5,0,2,Team B,15,Puck Recovery,-93,28.5,,,,,,,
10/13/2024,Team A,Team B,3,1:22,4,5,0,2,Team B,40,Penalty Taken,-80,29.5,Tripping,,,,8.0,,
10/13/2024,Team A,Team B,3,1:22,4,4,0,2,Team A,20,Faceoff Win,-69,-21.5,Forehand,,,,18.0,,
10/13/2024,Team A,Team B,3,1:19,4,4,0,2,Team A,3,Puck Recovery,-43,-41.5,,,,,,,
10/13/2024,Team A,Team B,3,1:19,4,4,0,2,Team A,3,Play,-43,-41.5,Indirect,,,,20.0,-99.0,-16.5
10/13/2024,Team A,Team B,3,1:17,4,4,0,2,Team A,20,Play,-99,-16.5,Direct,,,,12.0,-76.0,-5.5
10/13/2024,Team A,Team B,3,1:16,4,4,0,2,Team A,12,Shot,-76,-5.5,Snapshot,On Net,0.0,t,,,
10/13/2024,Team A,Team B,3,1:14,4,4,0,2,Team A,12,Puck Recovery,-78,41.5,,,,,,,
10/13/2024,Team A,Team B,3,1:14,4,4,0,2,Team A,12,Incomplete Play,-78,41.5,Indirect,,,,7.0,-37.0,41.5
10/13/2024,Team A,Team B,3,1:12,5,4,0,2,Team B,18,Takeaway,-53,39.5,,,,,,,
10/13/2024,Team A,Team B,3,1:12,5,4,0,2,Team B,18,Dump In/Out,-44,40.5,Lost,,,,,,
10/13/2024,Team A,Team B,3,1:10,5,4,0,2,Team B,18,Faceoff Win,-69,22.5,Backhand,,,,14.0,,
10/13/2024,Team A,Team B,3,1:09,5,4,0,2,Team B,18,Puck Recovery,-55,35.5,,,,,,,
10/13/2024,Team A,Team B,3,1:09,5,4,0,2,Team B,18,Dump In/Out,-55,35.5,Retained,,,,,,
10/13/2024,Team A,Team B,3,1:04,5,4,0,2,Team B,10,Puck Recovery,82,38.5,,,,,,,
10/13/2024,Team A,Team B,3,1:02,5,4,0,2,Team A,3,Puck Recovery,96,24.5,,,,,,,
10/13/2024,Team A,Team B,3,1:01,5,4,0,2,Team B,18,Puck Recovery,89,25.5,,,,,,,
10/13/2024,Team A,Team B,3,1:00,5,4,0,2,Team B,18,Play,95,26.5,Indirect,,,,10.0,97.0,18.5
10/13/2024,Team A,Team B,3,0:59,5,4,0,2,Team A,3,Puck Recovery,97,21.5,,,,,,,
10/13/2024,Team A,Team B,3,0:57,5,4,0,2,Team A,3,Play,97,1.5,Direct,,,,25.0,63.0,-27.5
10/13/2024,Team A,Team B,3,0:52,5,4,0,2,Team A,25,Dump In/Out,-9,-39.5,Lost,,,,,,
10/13/2024,Team A,Team B,3,0:52,5,4,0,2,Team A,25,Zone Entry,-26,-38.5,Dumped,,,,3.0,,
10/13/2024,Team A,Team B,3,0:49,5,4,0,2,Team B,4,Puck Recovery,-99,-3.5,,,,,,,
10/13/2024,Team A,Team B,3,0:47,5,4,0,2,Team A,20,Puck Recovery,-99,2.5,,,,,,,
10/13/2024,Team A,Team B,3,0:47,5,4,0,2,Team A,20,Play,-99,2.5,Indirect,,,,3.0,-31.0,-41.5
10/13/2024,Team A,Team B,3,0:44,5,4,0,2,Team A,3,Play,-31,-41.5,Indirect,,,,28.0,-81.0,-32.5
10/13/2024,Team A,Team B,3,0:41,5,4,0,2,Team A,28,Play,-62,-36.5,Direct,,,,20.0,-91.0,-14.5
10/13/2024,Team A,Team B,3,0:40,5,4,0,2,Team A,20,Play,-88,-13.5,Direct,,,,14.0,-57.0,-7.5
10/13/2024,Team A,Team B,3,0:39,5,4,0,2,Team A,3,Puck Recovery,-32,-3.5,,,,,,,
10/13/2024,Team A,Team B,3,0:39,5,4,0,2,Team A,3,Play,-32,-3.5,Direct,,,,25.0,-73.0,30.5
10/13/2024,Team A,Team B,3,0:38,5,4,0,2,Team A,25,Shot,-73,30.5,Slapshot,On Net,1.0,t,,,
10/13/2024,Team A,Team B,3,0:35,5,4,0,2,Team A,14,Puck Recovery,-65,-11.5,,,,,,,
10/13/2024,Team A,Team B,3,0:34,5,4,0,2,Team A,14,Incomplete Play,-62,-22.5,Indirect,,,,3.0,-27.0,-22.5
10/13/2024,Team A,Team B,3,0:29,5,4,0,2,Team A,3,Puck Recovery,45,-26.5,,,,,,,
10/13/2024,Team A,Team B,3,0:28,5,4,0,2,Team A,3,Play,40,-17.5,Indirect,,,,28.0,-19.0,-39.5
10/13/2024,Team A,Team B,3,0:26,5,4,0,2,Team A,28,Play,-18,-41.5,Indirect,,,,3.0,22.0,-40.5
10/13/2024,Team A,Team B,3,0:22,5,4,0,2,Team A,3,Play,22,-40.5,Direct,,,,25.0,-20.0,38.5
10/13/2024,Team A,Team B,3,1:22,4,5,0,2,Team B,40,Penalty Taken,-80,29.5,Tripping,,,,8.0,,
10/13/2024,Team A,Team B,3,1:22,4,4,0,2,Team A,20,Faceoff Win,-69,-21.5,Forehand,,,,18.0,,
10/13/2024,Team A,Team B,3,1:19,4,4,0,2,Team A,3,Puck Recovery,-43,-41.5,,,,,,,
10/13/2024,Team A,Team B,3,1:19,4,4,0,2,Team A,3,Play,-43,-41.5,Indirect,,,,20.0,-99.0,-16.5
10/13/2024,Team A,Team B,3,1:17,4,4,0,2,Team A,20,Play,-99,-16.5,Direct,,,,12.0,-76.0,-5.5
10/13/2024,Team A,Team B,3,1:16,4,4,0,2,Team A,12,Shot,-76,-5.5,Snapshot,On Net,0.0,t,,,
10/13/2024,Team A,Team B,3,1:14,4,4,0,2,Team A,12,Puck Recovery,-78,41.5,,,,,,,
10/13/2024,Team A,Team B,3,1:14,4,4,0,2,Team A,12,Incomplete Play,-78,41.5,Indirect,,,,7.0,-37.0,41.5
